source_row_id,hris_employee_id,ats_candidate_id,lms_user_id,employee_name,email,branch,job_title_raw,hris_start_date,ats_start_date,skills_raw,performance_history_raw,engagement_score,record_source,known_conflict
SRC-0001,EMP-2938,candidate_918,moodle-7000,Sari Saputra,sari-saputra@medikanusantara.co.id,Bandung,Sales Executive,2017-06-29,2017-07-29,"customer relationship, product knowledge, territory planning","{""2022"": 3.2}",65,HRIS+ATS+LMS,start_date
SRC-0002,EMP-2939,,moodle-7001,Joko Lestari,joko-lestari@medikanusantara.co.id,Bandung,Administration Officer,2012-02-23,2012-02-23,automation basics | Customer Service | document control | Excel,"{""2023"": 3.0, ""2024"": 3.8}",66,HRIS+ATS+LMS,
SRC-0003,EMP-2940,candidate_920,moodle-7002,Budi Permata,budi-permata@medikanusantara.co.id,Pontianak,Warehouse Staff,2025-11-14,2025-10-31,barcode scanning | excel | inventory handling | quality checks | safety compliance,"{""2022"": 3.4, ""2023"": 4.1, ""2024"": 2.4, ""2025"": 3.5}",,HRIS+ATS+LMS,start_date
SRC-0004,EMP-2941,candidate_921,moodle-7003,Taufik Santoso,taufik-santoso@medikanusantara.co.id,Pontianak,Purchasing Analyst,2013-08-07,2013-08-07,,"{""2022"": 84, ""2023"": 58, ""2024"": 68, ""2025"": 62}",76,HRIS+ATS+LMS,
SRC-0005,EMP-2942,candidate_922,moodle-7004,Nisa Setiawan,nisa-setiawan@medikanusantara.co.id,Semarang,CS Officer,2016-10-07,2016-10-07,,"{""2022"": 2.8, ""2023"": 2.6, ""2024"": 3.7, ""2025"": 3.8}",83,HRIS+ATS+LMS,
SRC-0006,EMP-2943,candidate_923,,Bella Saputra,bella-saputra@medikanusantara.co.id,Makassar,Sales Officer,2021-06-20,2021-07-20,,"{""2022"": 3.3, ""2023"": 4.1, ""2024"": 4.3, ""2025"": 4.2}",,HRIS+ATS+LMS,start_date
SRC-0007,EMP-2944,candidate_924,moodle-7006,Dimas Ramadhan,dimas-ramadhan@medikanusantara.co.id,Manado,Sales Executive,2017-11-27,2017-12-27,,"{""2022"": 2.8, ""2023"": 3.1, ""2024"": 3.6, ""2025"": 4.1}",64,HRIS+ATS+LMS,start_date
SRC-0008,EMP-2945,candidate_925,moodle-7007,Citra Siregar,citra-siregar@medikanusantara.co.id,Bandung,Logistics Crew,2017-05-15,2017-05-15,analytics; barcode scanning; Inventory Handling,"{""2022"": 4.1, ""2024"": 3.7, ""2025"": 3.2}",,HRIS+ATS+LMS,
SRC-0009,EMP-2946,candidate_926,moodle-7008,Yany Nugroho,yani-nugroho@medikanusantara.co.id,Manado,Kurir Medis,2018-12-28,2018-12-14,,"{""2024"": 2.4, ""2025"": 4.3}",73,HRIS+ATS+LMS,start_date
SRC-0010,EMP-2947,candidate_927,moodle-7009,Budi Siregar,budi-siregar@medikanusantara.co.id,Semarang,Sales Officer,2013-08-03,2013-07-20,,"{""2022"": 4.0, ""2023"": 2.8, ""2024"": 3.1, ""2025"": 3.5}",,HRIS+ATS+LMS,start_date
SRC-0011,EMP-2948,candidate_928,moodle-7010,Ayu Maharani,ayu-maharani@medikanusantara.co.id,Pontianak,Distribution Driver,2014-03-17,2014-03-17,,"{""2022"": 78, ""2023"": 54, ""2024"": 72, ""2025"": 78}",66,HRIS+ATS+LMS,
SRC-0012,EMP-2949,candidate_929,moodle-7011,Putra Saputra,putra-saputra@medikanusantara.co.id,Denpasar,Sr. Sales,2012-04-30,2012-04-30,crm usage | territory planning,{},63,HRIS+ATS+LMS,
SRC-0013,EMP-2950,,moodle-7012,Vina Nugroho,vina-nugroho@medikanusantara.co.id,Denpasar,Sales SPV,2022-11-30,2022-11-30,,"{""2022"": 2.4, ""2024"": 3.1, ""2025"": 3.6}",66,HRIS+ATS+LMS,
SRC-0014,EMP-2951,candidate_931,moodle-7013,Budi Kurniawan,budi-kurniawan@medikanusantara.co.id,Yogyakarta,Sales Executive,2013-07-10,2013-08-09,Customer Relationship; Negotiation; Product Knowledge; reporting,"{""2024"": 2.9, ""2025"": 3.1}",67,HRIS+ATS+LMS,start_date
SRC-0015,EMP-2952,candidate_932,moodle-7014,Dewi Maharani,dewi-maharani@medikanusantara.co.id,Balikpapan,Driver,2019-02-03,2019-02-03,,"{""2022"": 2.9, ""2024"": 3.0, ""2025"": 3.3}",80,HRIS+ATS+LMS,
SRC-0016,EMP-2953,candidate_933,moodle-7015,Lina Kurniawan,lina-kurniawan@medikanusantara.co.id,Bandung,Administration Officer,2025-09-19,2025-09-19,,"{""2023"": 3.5, ""2025"": 2.7}",70,HRIS+ATS+LMS,
SRC-0017,EMP-2954,candidate_934,moodle-7016,Taufik Maharani,taufik-maharani@medikanusantara.co.id,Denpasar,Call Center Agent,2022-12-16,2023-01-15,,"{""2023"": 3.8, ""2024"": 3.7, ""2025"": 3.3}",,HRIS+ATS+LMS,start_date
SRC-0018,EMP-2955,candidate_935,moodle-7017,Farhan Nugroho,farhan-nugroho@medikanusantara.co.id,Denpasar,IT Helpdesk,2012-10-22,2012-10-29,,"{""2022"": 2.6, ""2023"": 4.2, ""2024"": 2.3, ""2025"": 4.2}",85,HRIS+ATS+LMS,start_date
SRC-0019,EMP-2956,candidate_936,,Joko Setiawan,joko-setiawan@medikanusantara.co.id,Medan,Procurement Staff,2015-08-24,2015-08-24,,"{""2022"": 4.4, ""2023"": 2.9, ""2024"": 3.2}",93,HRIS+ATS+LMS,
SRC-0020,EMP-2957,,moodle-7019,Bella Ramadhan,bella-ramadhan@medikanusantara.co.id,Balikpapan,Sales Officer,2019-11-04,2019-12-04,crm usage; customer relationship; Product Knowledge; Territory Planning,"{""2022"": 4.3, ""2023"": 3.8, ""2024"": 2.8, ""2025"": 2.3}",96,HRIS+ATS+LMS,start_date
SRC-0021,EMP-2958,candidate_938,moodle-7020,Rina Santoso,rina-santoso@medikanusantara.co.id,Yogyakarta,Sales Officer,2021-09-29,2021-09-29,Crm Usage; Customer Relationship; negotiation; Product Knowledge,"{""2022"": 3.6, ""2023"": 3.3, ""2024"": 3.3}",53,HRIS+ATS+LMS,
SRC-0022,EMP-2959,candidate_939,moodle-7021,Indra Kusuma,indra-kusuma@medikanusantara.co.id,Pontianak,Sales Executive,2019-05-28,2019-05-28,,"{""2022"": 3.1, ""2023"": 2.6, ""2024"": 2.6, ""2025"": 4.1}",61,HRIS+ATS+LMS,
SRC-0023,EMP-2960,candidate_940,moodle-7022,Gita Santoso,gita-santoso@medikanusantara.co.id,Yogyakarta,Sales Executive,2025-08-09,2025-08-09,crm usage; Customer Relationship; Negotiation; territory planning,"{""2022"": 3.1, ""2025"": 3.1}",68,HRIS+ATS+LMS,
SRC-0024,EMP-2961,candidate_941,moodle-7023,Fajar Maharani,fajar-maharani@medikanusantara.co.id,Medan,Gudang Operator,2015-04-22,2015-04-22,,"{""2022"": 3.4, ""2024"": 3.2, ""2025"": 2.8}",83,HRIS+ATS+LMS,
SRC-0025,EMP-2962,candidate_942,moodle-7024,Bella Utami,bella-utami@medikanusantara.co.id,Palembang,IT Helpdesk,2016-11-27,2016-11-27,cyber hygiene; documentation; ticket resolution,"{""2022"": 4.1, ""2023"": 3.8, ""2024"": 3.9, ""2025"": 2.9}",90,HRIS+ATS+LMS,
SRC-0026,EMP-2963,candidate_943,moodle-7025,Andi Nugroho,andi-nugroho@medikanusantara.co.id,Palembang,Desktop Support,2024-04-15,2024-04-01,,"{""2024"": 3.2}",,HRIS+ATS+LMS,start_date
SRC-0027,EMP-2964,,moodle-7026,Intan Nugroho,,Medan,Sales 2,2013-06-10,2013-06-17,,"{""2022"": 3.2, ""2023"": 3.5, ""2024"": 3.3, ""2025"": 1.9}",76,HRIS+ATS+LMS,start_date
SRC-0028,EMP-2965,candidate_945,moodle-7027,Intan Kurniawan,intan-kurniawan@medikanusantara.co.id,Palembang,Desktop Support,2024-01-27,2024-01-27,,"{""2023"": 62, ""2024"": 56, ""2025"": 80}",84,HRIS+ATS+LMS,
SRC-0029,EMP-2966,candidate_946,moodle-7028,Intan Setiawan,intan-setiawan@medikanusantara.co.id,Jakarta,Admin Cabang,2013-11-18,2013-11-04,"Customer Service, data entry, document control, Excel, reporting","{""2022"": 2.9, ""2023"": 4.3, ""2024"": 3.6}",64,HRIS+ATS+LMS,start_date
SRC-0030,EMP-2967,candidate_947,moodle-7029,Putra Pratama,putra-pratama@medikanusantara.co.id,Semarang,Sales Coordinator,2017-01-10,2016-12-27,coaching; Crm Usage,"{""2022"": 3.7, ""2023"": 3.4, ""2024"": 2.9, ""2025"": 3.2}",73,HRIS+ATS+LMS,start_date
SRC-0031,EMP-2968,candidate_948,moodle-7030,Wahyu Nugroho,wahyu-nugroho@medikanusantara.co.id,Makassar,Sr. Sales,2018-12-23,2018-12-23,Crm Usage; Customer Relationship,"{""2022"": 3.0, ""2023"": 2.3, ""2024"": 4.4, ""2025"": 3.6}",64,HRIS+ATS+LMS,
SRC-0032,EMP-2969,,moodle-7031,Gita Kurniawan,gita-kurniawan@medikanusantara.co.id,Surabaya,Distribution Driver,2024-09-10,2024-09-10,customer service | Delivery Documentation,"{""2022"": 2.8, ""2025"": 4.3}",81,HRIS+ATS+LMS,
SRC-0033,EMP-2970,candidate_950,moodle-7032,Wahyu Permata,wahyu-permata@medikanusantara.co.id,Bandung,Sales SPV,2025-10-24,2025-10-10,coaching | Crm Usage | Forecasting | performance management | territory planning,"{""2022"": 50, ""2024"": 68, ""2025"": 80}",70,HRIS+ATS+LMS,start_date
SRC-0034,EMP-2971,candidate_951,moodle-7033,Dimas Ramadhan H,,Bandung,Sales Executive,2019-08-20,2019-08-27,,"{""2022"": 3.5, ""2023"": 2.7, ""2024"": 3.8, ""2025"": 3.2}",59,HRIS+ATS+LMS,start_date
SRC-0035,EMP-2972,candidate_952,moodle-7034,Gita Lestari,gita-lestari@medikanusantara.co.id,Medan,Logistics Crew,2018-11-13,2018-12-13,barcode scanning; Quality Checks; safety compliance; warehouse systems,"{""2022"": 3.2, ""2023"": 3.8, ""2024"": 3.3, ""2025"": 1.8}",79,HRIS+ATS+LMS,start_date
SRC-0036,EMP-2973,candidate_953,moodle-7035,Rina Utami,rina-utami@medikanusantara.co.id,Bandung,Ops Admin,2014-04-03,2014-05-03,"customer service, data literacy, document control, excel","{""2022"": 4.3, ""2023"": 3.5, ""2024"": 3.4, ""2025"": 2.7}",57,HRIS+ATS+LMS,start_date
SRC-0037,EMP-2974,candidate_954,moodle-7036,Adi Setiawan,adi-setiawan@medikanusantara.co.id,Balikpapan,WH Operator,2021-11-17,2021-12-17,Barcode Scanning; data literacy; inventory handling; Quality Checks; safety compliance,"{""2022"": 4.1, ""2024"": 3.7, ""2025"": 2.7}",100,HRIS+ATS+LMS,start_date
SRC-0038,EMP-2975,candidate_955,moodle-7037,Yani Kusuma,yani-kusuma@medikanusantara.co.id,Yogyakarta,Driver,2017-01-22,2017-01-22,,"{""2022"": 3.1, ""2023"": 4.2, ""2024"": 3.8, ""2025"": 3.2}",68,HRIS+ATS+LMS,
SRC-0039,EMP-2976,candidate_956,moodle-7038,Budi Wijaya,budi-wijaya@medikanusantara.co.id,Balikpapan,Sales 2,2025-04-26,2025-04-26,,"{""2022"": 3.0, ""2023"": 4.3, ""2024"": 2.8, ""2025"": 3.9}",67,HRIS+ATS+LMS,
SRC-0040,EMP-2977,candidate_957,moodle-7039,Sari Wijaya,sari-wijaya@medikanusantara.co.id,Makassar,IT Officer,2013-08-07,2013-08-07,Endpoint Support | Network Basics,"{""2022"": 3.9, ""2023"": 3.0, ""2024"": 2.9, ""2025"": 3.6}",57,HRIS+ATS+LMS,
SRC-0041,EMP-2978,candidate_958,moodle-7040,Wahyu Hidayat,,Jakarta,Driver,2014-01-18,2014-01-04,,"{""2022"": 74, ""2023"": 74, ""2024"": 80, ""2025"": 80}",72,HRIS+ATS+LMS,start_date
SRC-0042,EMP-2979,candidate_959,moodle-7041,Budi Ramadhan,budi-ramadhan@medikanusantara.co.id,Semarang,Warehouse Staff,2019-03-15,2019-03-15,Barcode Scanning | safety compliance,"{""2022"": 3.0, ""2023"": 2.8}",72,HRIS+ATS+LMS,
SRC-0043,EMP-2980,candidate_960,moodle-7042,Bella Permata,bella-permata@medikanusantara.co.id,Jakarta,Call Center Agent,2024-03-02,2024-04-01,,"{""2022"": 3.7, ""2023"": 2.0, ""2024"": 2.9, ""2025"": 4.6}",,HRIS+ATS+LMS,start_date
SRC-0044,EMP-2981,candidate_961,moodle-7043,Fajar Nugroho,fajar-nugroho@medikanusantara.co.id,Denpasar,Sales 2,2012-04-22,2012-04-22,,{},77,HRIS+ATS+LMS,
SRC-0045,EMP-2982,candidate_962,moodle-7044,Wahyu Syregar,wahyu-siregar@medikanusantara.co.id,Surabaya,Sr. Sales,2018-03-13,2018-02-27,"Crm Usage, customer relationship, Negotiation, product knowledge, territory planning","{""2022"": 74, ""2023"": 76, ""2024"": 56, ""2025"": 68}",60,HRIS+ATS+LMS,start_date
SRC-0046,EMP-2983,candidate_963,moodle-7045,Bella Lestari,bella-lestari@medikanusantara.co.id,Medan,Team Lead Sales,2024-10-28,2024-10-28,Coaching | crm usage | Forecasting | performance management | Territory Planning,"{""2022"": 2.7, ""2023"": 4.0, ""2024"": 3.2, ""2025"": 3.4}",52,HRIS+ATS+LMS,
SRC-0047,EMP-2984,candidate_964,moodle-7046,Lina Saputra,lina-saputra@medikanusantara.co.id,Balikpapan,Branch Admin,2012-05-05,2012-05-12,customer service; data entry; Document Control,"{""2022"": 2.7, ""2023"": 3.0, ""2024"": 2.5, ""2025"": 3.7}",,HRIS+ATS+LMS,start_date
SRC-0048,EMP-2985,candidate_965,moodle-7047,Vina Siregar,vina-siregar@medikanusantara.co.id,Denpasar,Procurement Staff,2012-10-21,2012-10-21,"Negotiation, spend analysis","{""2022"": 62, ""2023"": 70}",93,HRIS+ATS+LMS,
SRC-0049,EMP-2986,candidate_966,moodle-7048,Indra Kusuma W,indra-kusuma-w@medikanusantara.co.id,Denpasar,Sales Executive,2021-03-29,2021-03-29,,"{""2022"": 3.7, ""2023"": 2.5, ""2024"": 3.4}",76,HRIS+ATS+LMS,
SRC-0050,EMP-2987,candidate_967,moodle-7049,Lina Siregar,lina-siregar@medikanusantara.co.id,Denpasar,Logistics Crew,2015-07-18,2015-07-04,"Safety Compliance, warehouse systems","{""2022"": 4.3, ""2023"": 3.1, ""2024"": 4.6}",72,HRIS+ATS+LMS,start_date
SRC-0051,EMP-2988,candidate_968,moodle-7050,Indra Setiawan,indra-setiawan@medikanusantara.co.id,Manado,Logistics Crew,2018-08-15,2018-08-01,,"{""2022"": 4.7, ""2023"": 3.1, ""2024"": 4.2, ""2025"": 2.7}",,HRIS+ATS+LMS,start_date
SRC-0052,EMP-2989,candidate_969,moodle-7051,Fitri Maharani,fitri-maharani@medikanusantara.co.id,Pontianak,Procurement Staff,2015-01-25,2015-01-11,,"{""2023"": 58}",78,HRIS+ATS+LMS,start_date
SRC-0053,EMP-2990,candidate_970,moodle-7052,Indra Permata,indra-permata@medikanusantara.co.id,Bandung,Ops Admin,2015-09-09,2015-09-09,"Customer Service, document control, excel, reporting","{""2022"": 4.4, ""2024"": 3.5, ""2025"": 4.3}",53,HRIS+ATS+LMS,
SRC-0054,EMP-2991,candidate_971,moodle-7053,Budi Utami,budi-utami@medikanusantara.co.id,Bandung,WH Operator,2024-01-13,2024-01-20,Safety Compliance; warehouse systems,"{""2022"": 4.1, ""2023"": 4.0, ""2025"": 2.0}",97,HRIS+ATS+LMS,start_date
SRC-0055,EMP-2992,candidate_972,moodle-7054,Nisa Setiawan C,nisa-setiawan-c@medikanusantara.co.id,Surabaya,Medical Representative,2022-05-31,2022-05-31,,"{""2022"": 3.6, ""2025"": 2.9}",55,HRIS+ATS+LMS,
SRC-0056,EMP-2993,candidate_973,moodle-7055,Joko Setiawan D,joko-setiawan-d@medikanusantara.co.id,Makassar,Buyer,2021-04-21,2021-04-07,,"{""2022"": 3.2, ""2023"": 2.9, ""2024"": 2.2, ""2025"": 4.7}",86,HRIS+ATS+LMS,start_date
SRC-0057,EMP-2994,candidate_974,moodle-7056,Fitri Lestari,fitri-lestari@medikanusantara.co.id,Balikpapan,Team Lead Sales,2014-01-20,2014-01-27,,"{""2022"": 2.8, ""2023"": 3.1, ""2024"": 3.3, ""2025"": 3.6}",96,HRIS+ATS+LMS,start_date
SRC-0058,EMP-2995,candidate_975,moodle-7057,Dewi Utami,dewi-utami@medikanusantara.co.id,Jakarta,Desktop Support,2018-03-21,2018-04-20,"data literacy, endpoint support, network basics, ticket resolution","{""2025"": 3.8}",81,HRIS+ATS+LMS,start_date
SRC-0059,EMP-2996,candidate_976,,Budi Ramadhan G,budi-ramadhan-g@medikanusantara.co.id,Semarang,Administration Officer,2023-07-06,2023-08-05,customer service | document control,"{""2024"": 2.8, ""2025"": 4.0}",77,HRIS+ATS+LMS,start_date
SRC-0060,EMP-2997,candidate_977,moodle-7059,Taufik Saputra,taufik-saputra@medikanusantara.co.id,Balikpapan,Admin Cabang,2013-08-25,2013-08-25,,"{""2022"": 2.5, ""2023"": 2.8, ""2024"": 3.1, ""2025"": 4.1}",,HRIS+ATS+LMS,
SRC-0061,EMP-2998,candidate_978,moodle-7060,Farhan Utami,farhan-utami@medikanusantara.co.id,Medan,Ops Admin,2021-08-24,2021-09-23,,"{""2025"": 72}",93,HRIS+ATS+LMS,start_date
SRC-0062,EMP-2999,candidate_979,moodle-7061,Citra Nugroho,citra-nugroho@medikanusantara.co.id,Makassar,Sourcing Officer,2024-06-23,2024-06-09,contract basics | spend analysis,{},70,HRIS+ATS+LMS,start_date
SRC-0063,EMP-3000,candidate_980,moodle-7062,Nadia Lestari,nadia-lestari@medikanusantara.co.id,Balikpapan,Medical Representative,2017-01-11,2017-01-18,automation basics; Crm Usage; Product Knowledge,"{""2022"": 3.9, ""2024"": 2.0, ""2025"": 3.3}",,HRIS+ATS+LMS,start_date
SRC-0064,EMP-3001,candidate_981,moodle-7063,Andi Nugroho L,andi-nugroho-l@medikanusantara.co.id,Makassar,Gudang Operator,2018-02-16,2018-02-23,Inventory Handling | Quality Checks | Safety Compliance | warehouse systems,"{""2022"": 3.1, ""2023"": 3.6, ""2025"": 3.5}",,HRIS+ATS+LMS,start_date
SRC-0065,EMP-3002,candidate_982,moodle-7064,Indra Santoso,,Yogyakarta,Procurement Staff,2025-05-16,2025-05-16,negotiation | reporting | Supplier Analysis,"{""2024"": 2.6, ""2025"": 3.7}",75,HRIS+ATS+LMS,
SRC-0066,EMP-3003,candidate_983,moodle-7065,Cytra Santoso,citra-santoso@medikanusantara.co.id,Yogyakarta,Fleet Driver,2022-11-30,2022-11-16,,"{""2023"": 82, ""2024"": 70, ""2025"": 46}",82,HRIS+ATS+LMS,start_date
SRC-0067,EMP-3004,candidate_984,moodle-7066,Dewi Kusuma,dewi-kusuma@medikanusantara.co.id,Medan,Branch Admin,2023-03-22,2023-04-21,Customer Service | Data Entry | Excel | Reporting,"{""2022"": 3.8, ""2024"": 2.8, ""2025"": 3.6}",69,HRIS+ATS+LMS,start_date
SRC-0068,EMP-3005,candidate_985,moodle-7067,Dimas Utami,dimas-utami@medikanusantara.co.id,Balikpapan,Area Sales Supervisor,2020-02-12,2020-02-12,,"{""2022"": 80, ""2024"": 66, ""2025"": 58}",,HRIS+ATS+LMS,
SRC-0069,EMP-3006,,moodle-7068,Eka Siregar,eka-siregar@medikanusantara.co.id,Semarang,Procurement Staff,2015-04-24,2015-05-24,,"{""2022"": 3.8, ""2023"": 4.7, ""2024"": 4.0, ""2025"": 2.6}",66,HRIS+ATS+LMS,start_date
SRC-0070,EMP-3007,candidate_987,moodle-7069,Farhan Setiawan,farhan-setiawan@medikanusantara.co.id,Yogyakarta,Fleet Driver,2019-04-01,2019-05-01,,"{""2022"": 3.6, ""2023"": 2.6, ""2025"": 3.9}",75,HRIS+ATS+LMS,start_date
SRC-0071,EMP-3008,candidate_988,moodle-7070,Sari Kurniawan,,Surabaya,Team Lead Sales,2025-10-17,2025-11-16,,"{""2022"": 4.0, ""2023"": 3.2, ""2024"": 3.6, ""2025"": 3.3}",90,HRIS+ATS+LMS,start_date
SRC-0072,EMP-3009,candidate_989,moodle-7071,Nadia Permata,nadia-permata@medikanusantara.co.id,Semarang,Driver,2020-05-12,2020-05-12,,"{""2023"": 3.6, ""2024"": 3.0}",72,HRIS+ATS+LMS,
SRC-0073,EMP-3010,candidate_990,moodle-7072,Rizky Kurniawan,rizky-kurniawan@medikanusantara.co.id,Surabaya,Sales Officer,2025-01-25,2025-01-11,Crm Usage | Negotiation | Product Knowledge,"{""2022"": 92, ""2023"": 76, ""2024"": 62, ""2025"": 74}",56,HRIS+ATS+LMS,start_date
SRC-0074,EMP-3011,candidate_991,moodle-7073,Wahyu Maharani,wahyu-maharani@medikanusantara.co.id,Surabaya,IT Officer,2021-06-30,2021-06-30,documentation; Endpoint Support; Network Basics; ticket resolution,"{""2022"": 3.4, ""2023"": 2.9, ""2024"": 3.0, ""2025"": 4.4}",53,HRIS+ATS+LMS,
SRC-0075,EMP-3012,candidate_992,moodle-7074,Taufik Hidayat,taufik-hidayat@medikanusantara.co.id,Yogyakarta,Service Desk,2014-12-09,2014-12-09,,"{""2022"": 3.1, ""2023"": 2.9, ""2024"": 3.5, ""2025"": 2.8}",70,HRIS+ATS+LMS,
SRC-0076,EMP-3013,candidate_993,moodle-7075,Maya Siregar,maya-siregar@medikanusantara.co.id,Semarang,Service Desk,2024-10-16,2024-10-16,,"{""2022"": 3.7, ""2023"": 3.7, ""2024"": 3.1, ""2025"": 3.3}",78,HRIS+ATS+LMS,
SRC-0077,EMP-3014,candidate_994,moodle-7076,Fitri Ramadhan,,Makassar,IT Officer,2021-10-23,2021-10-30,,"{""2022"": 2.9, ""2023"": 2.9, ""2024"": 3.7}",74,HRIS+ATS+LMS,start_date
SRC-0078,EMP-3015,candidate_995,moodle-7077,Vina Maharani,vina-maharani@medikanusantara.co.id,Makassar,Warehouse Staff,2015-02-01,2015-02-01,,"{""2022"": 78, ""2023"": 66, ""2025"": 68}",80,HRIS+ATS+LMS,
SRC-0079,EMP-3016,,moodle-7078,Nadya Kusuma,nadia-kusuma@medikanusantara.co.id,Bandung,Sales Officer,2017-04-30,2017-05-30,crm usage | Customer Relationship | Negotiation | territory planning,"{""2022"": 2.7, ""2024"": 2.6}",55,HRIS+ATS+LMS,start_date
SRC-0080,EMP-3017,candidate_997,moodle-7079,Adi Setiawan B,adi-setiawan-b@medikanusantara.co.id,Yogyakarta,Gudang Operator,2021-05-05,2021-04-21,Inventory Handling | quality checks | safety compliance,"{""2022"": 2.9, ""2023"": 3.2, ""2024"": 3.3}",63,HRIS+ATS+LMS,start_date
SRC-0081,EMP-3018,,moodle-7080,Indra Utami,,Medan,Sales 2,2014-04-29,2014-04-15,,"{""2022"": 3.7, ""2023"": 2.4, ""2024"": 3.6, ""2025"": 4.3}",80,HRIS+ATS+LMS,start_date
SRC-0082,EMP-3019,,moodle-7081,Gita Lestari D,gita-lestari-d@medikanusantara.co.id,Medan,Sales Executive,2012-12-09,2012-12-09,communication | crm usage | Negotiation | Product Knowledge | territory planning,"{""2022"": 54, ""2023"": 84, ""2024"": 76, ""2025"": 76}",71,HRIS+ATS+LMS,
SRC-0083,EMP-3020,candidate_1000,moodle-7082,Dimas Ramadhan E,dimas-ramadhan-e@medikanusantara.co.id,Semarang,Kurir Medis,2023-08-24,2023-08-10,,"{""2022"": 2.0, ""2023"": 3.3, ""2024"": 3.6, ""2025"": 2.4}",78,HRIS+ATS+LMS,start_date
SRC-0084,EMP-3021,candidate_1001,moodle-7083,Lina Hidayat,lina-hidayat@medikanusantara.co.id,Manado,Administration Officer,2019-11-28,2019-11-28,,"{""2022"": 3.4, ""2023"": 3.5, ""2024"": 3.1, ""2025"": 3.5}",65,HRIS+ATS+LMS,
SRC-0085,EMP-3022,candidate_1002,moodle-7084,Ayu Setiawan,ayu-setiawan@medikanusantara.co.id,Balikpapan,Sales Executive,2020-04-26,2020-05-26,,"{""2022"": 58, ""2023"": 68, ""2024"": 74, ""2025"": 54}",82,HRIS+ATS+LMS,start_date
SRC-0086,EMP-3023,candidate_1003,moodle-7085,Fitri Nugroho,fitri-nugroho@medikanusantara.co.id,Yogyakarta,Branch Admin,2018-05-28,2018-05-28,,"{""2022"": 82, ""2023"": 76, ""2024"": 64, ""2025"": 70}",,HRIS+ATS+LMS,
SRC-0087,EMP-3024,candidate_1004,moodle-7086,Nisa Nugroho,,Semarang,Fleet Driver,2023-05-30,2023-05-16,customer service; route planning,"{""2022"": 52, ""2023"": 56, ""2024"": 80, ""2025"": 84}",90,HRIS+ATS+LMS,start_date
SRC-0088,EMP-3025,candidate_1005,moodle-7087,Intan Nugroho J,intan-nugroho-j@medikanusantara.co.id,Denpasar,Purchasing Analyst,2021-03-19,2021-04-18,Contract Basics | erp | negotiation | Spend Analysis | supplier analysis,"{""2022"": 2.6, ""2023"": 4.4, ""2024"": 4.0, ""2025"": 4.8}",,HRIS+ATS+LMS,start_date
SRC-0089,EMP-3026,candidate_1006,moodle-7088,Dewi Santoso,dewi-santoso@medikanusantara.co.id,Semarang,Sales Officer,2017-01-21,2017-01-21,,"{""2022"": 3.2, ""2023"": 3.1, ""2025"": 3.0}",68,HRIS+ATS+LMS,
SRC-0090,EMP-3027,candidate_1007,moodle-7089,Farhan Setiawan L,farhan-setiawan-l@medikanusantara.co.id,Yogyakarta,Gudang Operator,2012-12-03,2012-12-03,inventory handling | Quality Checks,{},66,HRIS+ATS+LMS,
SRC-0091,EMP-3028,candidate_1008,moodle-7090,Zaki Maharani,zaki-maharani@medikanusantara.co.id,Balikpapan,WH Operator,2013-08-20,2013-08-20,"barcode scanning, warehouse systems","{""2022"": 58, ""2023"": 82, ""2024"": 86, ""2025"": 60}",82,HRIS+ATS+LMS,
SRC-0092,EMP-3029,candidate_1009,moodle-7091,Nadia Permata N,nadia-permata-n@medikanusantara.co.id,Medan,Sales Officer,2022-06-18,2022-06-25,Data Literacy; negotiation; Product Knowledge,"{""2024"": 2.9}",46,HRIS+ATS+LMS,start_date
SRC-0093,EMP-3030,candidate_1010,moodle-7092,Eka Utami,eka-utami@medikanusantara.co.id,Denpasar,Sales 2,2022-06-21,2022-06-21,,"{""2022"": 3.5, ""2024"": 3.9, ""2025"": 3.0}",,HRIS+ATS+LMS,
SRC-0094,EMP-3031,candidate_1011,moodle-7093,Bella Saputra P,bella-saputra-p@medikanusantara.co.id,Bandung,Administration Officer,2020-03-15,2020-03-15,,"{""2022"": 56, ""2023"": 76, ""2024"": 54, ""2025"": 56}",82,HRIS+ATS+LMS,
SRC-0095,EMP-3032,candidate_1012,moodle-7094,Putra Hidayat,,Medan,Buyer,2025-07-06,2025-08-05,contract basics | Erp | negotiation | Spend Analysis | supplier analysis,"{""2022"": 74, ""2023"": 82, ""2024"": 88, ""2025"": 62}",83,HRIS+ATS+LMS,start_date
SRC-0096,EMP-3033,,moodle-7095,Andy Santoso,andi-santoso@medikanusantara.co.id,Denpasar,Driver,2023-06-07,2023-06-07,,"{""2022"": 2.6, ""2023"": 1.8, ""2024"": 3.2}",54,HRIS+ATS+LMS,
SRC-0097,EMP-3034,candidate_1014,moodle-7096,Sari Utami,sari-utami@medikanusantara.co.id,Yogyakarta,Area Sales Supervisor,2024-12-14,2024-12-21,coaching | Crm Usage | Performance Management,"{""2022"": 3.4, ""2023"": 2.8, ""2024"": 2.5, ""2025"": 2.9}",,HRIS+ATS+LMS,start_date
SRC-0098,EMP-3035,candidate_1015,moodle-7097,Eka Kusuma,eka-kusuma@medikanusantara.co.id,Yogyakarta,Administration Officer,2022-07-30,2022-08-29,,"{""2022"": 72, ""2023"": 44, ""2024"": 88, ""2025"": 50}",67,HRIS+ATS+LMS,start_date
SRC-0099,EMP-3036,candidate_1016,moodle-7098,Taufik Maharani U,taufik-maharani-u@medikanusantara.co.id,Bandung,Call Center Agent,2025-09-06,2025-09-06,Case Handling | Communication | crm usage | problem solving | product knowledge,"{""2022"": 3.5, ""2023"": 2.4, ""2024"": 2.6, ""2025"": 3.5}",70,HRIS+ATS+LMS,
SRC-0100,EMP-3037,candidate_1017,moodle-7099,Putra Kusuma,putra-kusuma@medikanusantara.co.id,Palembang,Desktop Support,2019-09-28,2019-10-05,,"{""2023"": 2.8, ""2024"": 3.3, ""2025"": 2.9}",,HRIS+ATS+LMS,start_date
SRC-0101,EMP-3038,,moodle-7100,Citra Setiawan,citra-setiawan@medikanusantara.co.id,Medan,Procurement Staff,2017-06-09,2017-07-09,"contract basics, negotiation","{""2023"": 4.1, ""2024"": 4.2}",84,HRIS+ATS+LMS,start_date
SRC-0102,EMP-3039,,moodle-7101,Nisa Wijaya,nisa-wijaya@medikanusantara.co.id,Balikpapan,Logistics Crew,2022-09-16,2022-09-23,Barcode Scanning | Quality Checks | safety compliance,"{""2022"": 4.0, ""2023"": 3.8, ""2024"": 4.6, ""2025"": 2.8}",78,HRIS+ATS+LMS,start_date
SRC-0103,EMP-3040,,moodle-7102,Andi Kusuma,andi-kusuma@medikanusantara.co.id,Makassar,Call Center Agent,2018-06-29,2018-06-15,,"{""2024"": 82, ""2025"": 66}",94,HRIS+ATS+LMS,start_date
SRC-0104,EMP-3041,candidate_1021,moodle-7103,Eka Utami Z,,Makassar,Sales Officer,2022-04-17,2022-04-17,,{},72,HRIS+ATS+LMS,
SRC-0105,EMP-3042,candidate_1022,moodle-7104,Dimas Wijaya,dimas-wijaya@medikanusantara.co.id,Medan,Admin Cabang,2012-02-25,2012-02-11,"Customer Service, document control, Excel, Reporting",{},60,HRIS+ATS+LMS,start_date
SRC-0106,EMP-3043,candidate_1023,moodle-7105,Vina Utami,vina-utami@medikanusantara.co.id,Surabaya,Logistics Crew,2018-08-13,2018-08-13,barcode scanning | inventory handling | quality checks | safety compliance,"{""2022"": 3.8, ""2023"": 2.7, ""2024"": 4.0, ""2025"": 3.7}",51,HRIS+ATS+LMS,
SRC-0107,EMP-3044,candidate_1024,moodle-7106,Taufik Utami,taufik-utami@medikanusantara.co.id,Surabaya,Fleet Driver,2023-10-14,2023-10-14,customer service | Delivery Documentation | reporting | route planning,"{""2022"": 3.6, ""2023"": 4.1, ""2024"": 2.5, ""2025"": 3.7}",46,HRIS+ATS+LMS,
SRC-0108,EMP-3045,candidate_1025,moodle-7107,Ayu Ramadhan,ayu-ramadhan@medikanusantara.co.id,Palembang,Sales Officer,2022-03-31,2022-03-31,crm usage | Negotiation,"{""2022"": 3.4, ""2024"": 3.8}",72,HRIS+ATS+LMS,
SRC-0109,EMP-3046,candidate_1026,moodle-7108,Vina Saputra,vina-saputra@medikanusantara.co.id,Jakarta,Branch Admin,2013-07-19,2013-08-18,Customer Service; data entry; document control; excel; reporting,"{""2022"": 3.0, ""2023"": 2.8, ""2024"": 4.3}",65,HRIS+ATS+LMS,start_date
SRC-0110,EMP-3047,candidate_1027,moodle-7109,Sari Kurniawan F,sari-kurniawan-f@medikanusantara.co.id,Makassar,Gudang Operator,2024-01-19,2024-01-19,barcode scanning; inventory handling; quality checks; safety compliance; Warehouse Systems,"{""2022"": 50, ""2023"": 64, ""2024"": 54, ""2025"": 60}",74,HRIS+ATS+LMS,
SRC-0111,EMP-3048,candidate_1028,moodle-7110,Farhan Nugroho G,,Jakarta,Procurement Staff,2021-05-27,2021-06-03,,"{""2024"": 3.2, ""2025"": 3.4}",80,HRIS+ATS+LMS,start_date
SRC-0112,EMP-3049,candidate_1029,moodle-7111,Ayu Wijaya,ayu-wijaya@medikanusantara.co.id,Bandung,Branch Admin,2017-04-02,2017-04-02,,"{""2022"": 2.7, ""2023"": 3.3, ""2024"": 2.5, ""2025"": 2.8}",65,HRIS+ATS+LMS,
SRC-0113,EMP-3050,candidate_1030,moodle-7112,Indra Maharany,indra-maharani@medikanusantara.co.id,Denpasar,Distribution Driver,2019-02-24,2019-02-24,,"{""2023"": 3.7}",64,HRIS+ATS+LMS,
SRC-0114,EMP-3051,candidate_1031,moodle-7113,Putra Permata,putra-permata@medikanusantara.co.id,Medan,Sales Officer,2017-09-19,2017-09-26,,"{""2023"": 3.5, ""2024"": 3.8, ""2025"": 3.6}",,HRIS+ATS+LMS,start_date
SRC-0115,EMP-3052,candidate_1032,moodle-7114,Wahyu Maharani K,wahyu-maharani-k@medikanusantara.co.id,Balikpapan,Administration Officer,2016-09-07,2016-09-07,,"{""2023"": 2.9, ""2024"": 3.4, ""2025"": 4.0}",64,HRIS+ATS+LMS,
SRC-0116,EMP-3053,candidate_1033,moodle-7115,Intan Ramadhan,intan-ramadhan@medikanusantara.co.id,Semarang,Administration Officer,2018-12-01,2018-11-17,,"{""2022"": 68, ""2023"": 56, ""2024"": 90, ""2025"": 74}",87,HRIS+ATS+LMS,start_date
SRC-0117,EMP-3054,candidate_1034,,Wahyu Kusuma,wahyu-kusuma@medikanusantara.co.id,Medan,Gudang Operator,2019-05-26,2019-05-26,barcode scanning | quality checks | Warehouse Systems,"{""2022"": 3.4, ""2023"": 3.4, ""2024"": 2.6, ""2025"": 2.4}",77,HRIS+ATS+LMS,
SRC-0118,EMP-3055,candidate_1035,moodle-7117,Dewi Nugroho,dewi-nugroho@medikanusantara.co.id,Makassar,Ops Admin,2024-02-28,2024-03-29,data entry; Reporting,"{""2024"": 68, ""2025"": 74}",75,HRIS+ATS+LMS,start_date
SRC-0119,EMP-3056,candidate_1036,moodle-7118,Lina Hidayat O,lina-hidayat-o@medikanusantara.co.id,Pontianak,Medical Representative,2025-10-29,2025-11-28,,"{""2022"": 3.5, ""2023"": 3.3, ""2024"": 3.8}",47,HRIS+ATS+LMS,start_date
SRC-0120,EMP-3057,candidate_1037,moodle-7119,Dewi Lestari,dewi-lestari@medikanusantara.co.id,Denpasar,Sr. Sales,2017-08-29,2017-09-28,Customer Relationship; Negotiation; Product Knowledge; territory planning,"{""2022"": 3.4, ""2023"": 4.3, ""2024"": 5, ""2025"": 4.3}",,HRIS+ATS+LMS,start_date
SRC-0121,EMP-3058,candidate_1038,moodle-7120,Maya Pratama,maya-pratama@medikanusantara.co.id,Manado,Distribution Driver,2015-11-04,2015-11-04,customer service | vehicle safety,"{""2022"": 3.5, ""2023"": 4.6, ""2024"": 3.1, ""2025"": 4.1}",61,HRIS+ATS+LMS,
SRC-0122,EMP-3059,,moodle-7121,Fitri Pratama,fitri-pratama@medikanusantara.co.id,Pontianak,Tech Support,2018-04-15,2018-04-15,Endpoint Support; excel; network basics,"{""2022"": 3.4, ""2023"": 2.4, ""2025"": 3.4}",95,HRIS+ATS+LMS,
SRC-0123,EMP-3060,candidate_1040,moodle-7122,Farhan Permata,farhan-permata@medikanusantara.co.id,Manado,WH Operator,2015-02-20,2015-02-20,"Analytics, Quality Checks, safety compliance","{""2025"": 64}",,HRIS+ATS+LMS,
SRC-0124,EMP-3061,candidate_1041,moodle-7123,Putra Kusuma T,putra-kusuma-t@medikanusantara.co.id,Pontianak,Admin Cabang,2025-02-20,2025-02-20,analytics; Customer Service; data entry; document control; Excel; reporting,"{""2022"": 2.7, ""2023"": 3.3}",62,HRIS+ATS+LMS,
SRC-0125,EMP-3062,,moodle-7124,Indra Utami U,indra-utami-u@medikanusantara.co.id,Makassar,WH Operator,2013-12-16,2013-12-02,,"{""2024"": 68}",79,HRIS+ATS+LMS,start_date
SRC-0126,EMP-3063,candidate_1043,moodle-7125,Budi Nugroho,budi-nugroho@medikanusantara.co.id,Medan,IT Helpdesk,2024-10-29,2024-10-29,automation basics | Cyber Hygiene | network basics | ticket resolution,"{""2022"": 4.0, ""2024"": 3.8}",,HRIS+ATS+LMS,
SRC-0127,EMP-3064,candidate_1044,moodle-7126,Cytra Wijaya,citra-wijaya@medikanusantara.co.id,Palembang,Logistics Crew,2019-06-14,2019-06-14,Barcode Scanning; Inventory Handling; Quality Checks; Reporting; safety compliance; Warehouse Systems,"{""2022"": 2.8, ""2023"": 2.7, ""2025"": 3.1}",,HRIS+ATS+LMS,
SRC-0128,EMP-3065,candidate_1045,moodle-7127,Fajar Hidayat,fajar-hidayat@medikanusantara.co.id,Palembang,Gudang Operator,2020-03-09,2020-04-08,,"{""2022"": 60, ""2023"": 52, ""2024"": 64, ""2025"": 54}",64,HRIS+ATS+LMS,start_date
SRC-0129,EMP-3066,candidate_1046,moodle-7128,Joko Maharani,joko-maharani@medikanusantara.co.id,Pontianak,Branch Admin,2018-10-16,2018-11-15,document control | Excel | reporting,"{""2022"": 2.3, ""2023"": 2.7, ""2024"": 2.9, ""2025"": 3.8}",63,HRIS+ATS+LMS,start_date
SRC-0130,EMP-3067,,moodle-7129,Indra Nugroho,,Denpasar,IT Officer,2025-04-26,2025-04-26,Network Basics; ticket resolution,"{""2024"": 2.5}",70,HRIS+ATS+LMS,
SRC-0131,EMP-3068,candidate_1048,moodle-7130,Nadia Nugroho,nadia-nugroho@medikanusantara.co.id,Yogyakarta,Branch Admin,2024-11-25,2024-12-25,,"{""2022"": 3.4, ""2023"": 4.6, ""2024"": 5, ""2025"": 3.6}",70,HRIS+ATS+LMS,start_date
SRC-0132,EMP-3069,candidate_1049,moodle-7131,Wahyu Wijaya,wahyu-wijaya@medikanusantara.co.id,Semarang,Picker Packer,2022-03-19,2022-03-26,"barcode scanning, Quality Checks, Warehouse Systems",{},69,HRIS+ATS+LMS,start_date
SRC-0133,EMP-3070,candidate_1050,moodle-7132,Fajar Permata,,Makassar,Sales 2,2019-06-04,2019-06-11,crm usage; customer relationship; negotiation; Product Knowledge; territory planning,"{""2022"": 60, ""2024"": 72, ""2025"": 82}",70,HRIS+ATS+LMS,start_date
SRC-0134,EMP-3071,candidate_1051,moodle-7133,Zaki Utami,zaki-utami@medikanusantara.co.id,Surabaya,Medical Representative,2024-01-16,2024-01-02,,"{""2022"": 58, ""2023"": 50, ""2024"": 64, ""2025"": 58}",,HRIS+ATS+LMS,start_date
SRC-0135,EMP-3072,,moodle-7134,Rizky Wijaya,rizky-wijaya@medikanusantara.co.id,Manado,Customer Care,2018-09-02,2018-09-02,"automation basics, Communication, product knowledge",{},78,HRIS+ATS+LMS,
SRC-0136,EMP-3073,candidate_1053,moodle-7135,Nisa Maharani,nisa-maharani@medikanusantara.co.id,Makassar,Sales Coordinator,2024-06-11,2024-06-11,"Analytics, coaching, performance management, Territory Planning","{""2022"": 4.4, ""2023"": 2.2, ""2024"": 2.8, ""2025"": 3.9}",60,HRIS+ATS+LMS,
SRC-0137,EMP-3074,,moodle-7136,Lyna Ramadhan,lina-ramadhan@medikanusantara.co.id,Yogyakarta,Sales Executive,2012-09-09,2012-09-09,"Automation Basics, customer relationship, product knowledge, territory planning","{""2022"": 74}",,HRIS+ATS+LMS,
SRC-0138,EMP-3075,candidate_1055,moodle-7137,Indra Permata H,indra-permata-h@medikanusantara.co.id,Jakarta,Service Desk,2021-11-24,2021-11-24,Case Handling; crm usage; product knowledge,"{""2022"": 4.1, ""2023"": 4.0, ""2024"": 3.3, ""2025"": 1.5}",86,HRIS+ATS+LMS,
SRC-0139,EMP-3076,candidate_1056,moodle-7138,Fajar Lestari,fajar-lestari@medikanusantara.co.id,Yogyakarta,Service Desk,2019-11-12,2019-11-19,,"{""2022"": 3.0, ""2023"": 3.1, ""2024"": 2.0}",,HRIS+ATS+LMS,start_date
SRC-0140,EMP-3077,candidate_1057,moodle-7139,Yani Utami,yani-utami@medikanusantara.co.id,Jakarta,Warehouse Staff,2018-03-21,2018-04-20,Barcode Scanning | inventory handling | quality checks,"{""2023"": 3.0}",,HRIS+ATS+LMS,start_date
SRC-0141,EMP-3078,candidate_1058,moodle-7140,Farhan Utami K,farhan-utami-k@medikanusantara.co.id,Denpasar,Sales Officer,2018-03-29,2018-04-05,Crm Usage | Customer Relationship | Negotiation | territory planning,"{""2022"": 4.7, ""2023"": 4.3, ""2024"": 4.0, ""2025"": 2.5}",94,HRIS+ATS+LMS,start_date
SRC-0142,EMP-3079,candidate_1059,moodle-7141,Hadi Kurniawan,hadi-kurniawan@medikanusantara.co.id,Denpasar,WH Operator,2024-12-17,2024-12-17,,"{""2022"": 3.1, ""2024"": 3.4, ""2025"": 3.3}",79,HRIS+ATS+LMS,
SRC-0143,EMP-3080,candidate_1060,moodle-7142,Joko Lestari M,joko-lestari-m@medikanusantara.co.id,Makassar,Team Lead Sales,2018-10-08,2018-11-07,Coaching | crm usage | Territory Planning,"{""2025"": 3.6}",72,HRIS+ATS+LMS,start_date
SRC-0144,EMP-3081,candidate_1061,moodle-7143,Citra Pratama,citra-pratama@medikanusantara.co.id,Surabaya,Sales 2,2014-12-23,2014-12-23,"automation basics, Crm Usage, customer relationship, negotiation","{""2022"": 2.7, ""2023"": 3.1, ""2025"": 3.5}",71,HRIS+ATS+LMS,
SRC-0145,EMP-3082,candidate_1062,moodle-7144,Farhan Santoso,farhan-santoso@medikanusantara.co.id,Makassar,Medical Representative,2015-03-16,2015-03-23,crm usage; customer relationship,"{""2025"": 2.9}",75,HRIS+ATS+LMS,start_date
SRC-0146,EMP-3083,candidate_1063,moodle-7145,Dewy Utami P,dewi-utami-p@medikanusantara.co.id,Manado,Sr. Sales,2020-08-11,2020-08-18,,"{""2022"": 2.6, ""2023"": 2.8, ""2024"": 4.5, ""2025"": 3.6}",77,HRIS+ATS+LMS,start_date
SRC-0147,EMP-3084,candidate_1064,moodle-7146,Intan Santoso,intan-santoso@medikanusantara.co.id,Medan,Kurir Medis,2023-02-06,2023-02-06,customer service | Route Planning | vehicle safety,"{""2023"": 4.2, ""2025"": 3.1}",,HRIS+ATS+LMS,
SRC-0148,EMP-3085,candidate_1065,moodle-7147,Joko Hidayat,joko-hidayat@medikanusantara.co.id,Makassar,Ops Admin,2022-07-25,2022-07-25,data entry | excel | reporting,{},56,HRIS+ATS+LMS,
SRC-0149,EMP-3086,candidate_1066,moodle-7148,Putra Permata S,putra-permata-s@medikanusantara.co.id,Bandung,Kurir Medis,2013-11-15,2013-11-15,,"{""2023"": 2.4, ""2024"": 2.8}",84,HRIS+ATS+LMS,
SRC-0150,EMP-3087,candidate_1067,moodle-7149,Fajar Pratama,fajar-pratama@medikanusantara.co.id,Palembang,Senior Sales,2014-08-08,2014-08-08,,"{""2022"": 4.1, ""2023"": 4.7, ""2024"": 3.3, ""2025"": 3.0}",74,HRIS+ATS+LMS,
SRC-0151,EMP-3088,candidate_1068,moodle-7150,Yani Siregar,yani-siregar@medikanusantara.co.id,Palembang,Medical Representative,2018-02-06,2018-02-06,customer relationship; product knowledge,"{""2022"": 2.9}",,HRIS+ATS+LMS,
SRC-0152,EMP-3089,candidate_1069,moodle-7151,Wahyu Permata V,wahyu-permata-v@medikanusantara.co.id,Jakarta,Sales Executive,2017-06-26,2017-07-03,,"{""2023"": 3.8, ""2024"": 2.7}",77,HRIS+ATS+LMS,start_date
SRC-0153,EMP-3090,candidate_1070,,Wahyu Hidayat W,wahyu-hidayat-w@medikanusantara.co.id,Surabaya,Picker Packer,2024-10-26,2024-11-25,,"{""2024"": 74}",80,HRIS+ATS+LMS,start_date
SRC-0154,EMP-3091,candidate_1071,moodle-7153,Gita Nugroho,gita-nugroho@medikanusantara.co.id,Balikpapan,Fleet Driver,2020-04-04,2020-05-04,analytics | customer service | delivery documentation | route planning | vehicle safety,"{""2023"": 68, ""2024"": 66, ""2025"": 66}",73,HRIS+ATS+LMS,start_date
SRC-0155,EMP-3092,candidate_1072,moodle-7154,Gita Saputra,gita-saputra@medikanusantara.co.id,Medan,Sales Executive,2021-06-01,2021-06-01,,"{""2022"": 2.7, ""2023"": 3.2}",77,HRIS+ATS+LMS,
SRC-0156,EMP-3093,candidate_1073,moodle-7155,Budi Setiawan,budi-setiawan@medikanusantara.co.id,Palembang,Branch Admin,2014-12-06,2015-01-05,,{},,HRIS+ATS+LMS,start_date
SRC-0157,EMP-3094,candidate_1074,,Citra Wijaya A,,Semarang,Admin Cabang,2021-02-12,2021-02-19,Excel | Reporting,"{""2022"": 3.2, ""2024"": 3.8, ""2025"": 3.8}",56,HRIS+ATS+LMS,start_date
SRC-0158,EMP-3095,candidate_1075,moodle-7157,Andy Kurniawan,andi-kurniawan@medikanusantara.co.id,Surabaya,Picker Packer,2017-07-26,2017-07-26,barcode scanning; Excel; inventory handling; safety compliance; warehouse systems,"{""2023"": 2.4, ""2024"": 3.7, ""2025"": 3.5}",66,HRIS+ATS+LMS,
SRC-0159,EMP-3096,candidate_1076,moodle-7158,Andi Utami,andi-utami@medikanusantara.co.id,Makassar,Sales Coordinator,2016-06-11,2016-06-11,Coaching | crm usage | Data Literacy | Forecasting | Performance Management | Territory Planning,"{""2022"": 2.7, ""2024"": 2.5, ""2025"": 4.4}",92,HRIS+ATS+LMS,
SRC-0160,EMP-3097,candidate_1077,,Nisa Setiawan D,nisa-setiawan-d@medikanusantara.co.id,Manado,Admin Cabang,2020-11-09,2020-11-09,"Customer Service, data entry, document control, excel, Reporting","{""2022"": 3.2, ""2023"": 4.0, ""2024"": 2.7, ""2025"": 2.7}",82,HRIS+ATS+LMS,
SRC-0161,EMP-3098,candidate_1078,moodle-7160,Intan Wijaya,,Pontianak,Warehouse Staff,2023-10-17,2023-10-17,,"{""2022"": 58, ""2023"": 40, ""2024"": 70, ""2025"": 72}",,HRIS+ATS+LMS,
SRC-0162,EMP-3099,candidate_1079,moodle-7161,Farhan Utami F,farhan-utami-f@medikanusantara.co.id,Jakarta,Sourcing Officer,2022-07-31,2022-08-07,contract basics; Excel; Negotiation; spend analysis; supplier analysis,"{""2022"": 3.9, ""2024"": 2.1, ""2025"": 4.0}",54,HRIS+ATS+LMS,start_date
SRC-0163,EMP-3100,candidate_1080,moodle-7162,Andi Kurniawan G,andi-kurniawan-g@medikanusantara.co.id,Medan,Sr. Sales,2025-04-15,2025-04-15,crm usage; customer relationship; Product Knowledge; Territory Planning,"{""2022"": 3.0, ""2023"": 3.2, ""2024"": 2.8, ""2025"": 3.4}",79,HRIS+ATS+LMS,
SRC-0164,EMP-3101,candidate_1081,moodle-7163,Nadia Ramadhan,nadia-ramadhan@medikanusantara.co.id,Yogyakarta,Sr. Sales,2016-07-08,2016-07-08,Excel | negotiation | product knowledge | Territory Planning,"{""2022"": 3.6, ""2023"": 3.5, ""2024"": 2.2, ""2025"": 2.3}",92,HRIS+ATS+LMS,
SRC-0165,EMP-3102,candidate_1082,moodle-7164,Citra Hidayat,citra-hidayat@medikanusantara.co.id,Makassar,WH Operator,2015-07-14,2015-07-14,,"{""2022"": 52, ""2023"": 80, ""2024"": 86, ""2025"": 68}",84,HRIS+ATS+LMS,
SRC-0166,EMP-3103,candidate_1083,moodle-7165,Dimas Setiawan,dimas-setiawan@medikanusantara.co.id,Yogyakarta,Warehouse Staff,2016-12-14,2017-01-13,,{},56,HRIS+ATS+LMS,start_date
SRC-0167,EMP-3104,,moodle-7166,Fitri Lestari K,fitri-lestari-k@medikanusantara.co.id,Surabaya,Sales Officer,2019-11-11,2019-10-28,"Crm Usage, Customer Relationship, Negotiation, Territory Planning","{""2022"": 48, ""2023"": 46, ""2024"": 80, ""2025"": 78}",,HRIS+ATS+LMS,start_date
SRC-0168,EMP-3105,candidate_1085,moodle-7167,Yany Maharani,yani-maharani@medikanusantara.co.id,Balikpapan,Sr. Sales,2013-08-26,2013-08-12,"Customer Relationship, data literacy, Product Knowledge","{""2023"": 2.6, ""2024"": 4.1, ""2025"": 4.0}",81,HRIS+ATS+LMS,start_date
SRC-0169,EMP-3106,candidate_1086,moodle-7168,Maya Nugroho,maya-nugroho@medikanusantara.co.id,Pontianak,Medical Representative,2015-09-13,2015-10-13,,"{""2022"": 40, ""2023"": 58, ""2024"": 66, ""2025"": 72}",59,HRIS+ATS+LMS,start_date
SRC-0170,EMP-3107,candidate_1087,moodle-7169,Adi Kusuma,adi-kusuma@medikanusantara.co.id,Pontianak,Sr. Sales,2025-06-17,2025-06-17,crm usage; customer relationship; negotiation; Product Knowledge; territory planning,"{""2022"": 62, ""2023"": 84, ""2024"": 82, ""2025"": 66}",89,HRIS+ATS+LMS,
SRC-0171,EMP-3108,candidate_1088,moodle-7170,Indra Siregar,indra-siregar@medikanusantara.co.id,Makassar,Logistics Crew,2021-12-30,2022-01-06,safety compliance | warehouse systems,{},,HRIS+ATS+LMS,start_date
SRC-0172,EMP-3109,candidate_1089,moodle-7171,Andi Kusuma P,andi-kusuma-p@medikanusantara.co.id,Palembang,Service Desk,2024-01-04,2024-02-03,Case Handling; Communication; crm usage; Problem Solving; product knowledge,"{""2024"": 2.5}",90,HRIS+ATS+LMS,start_date
SRC-0173,EMP-3110,,moodle-7172,Dimas Lestari,,Makassar,Service Desk,2012-12-15,2012-12-15,case handling; Communication; crm usage; Problem Solving; Product Knowledge,"{""2022"": 4.6, ""2024"": 2.9, ""2025"": 3.7}",48,HRIS+ATS+LMS,
SRC-0174,EMP-3111,candidate_1091,moodle-7173,Rizky Setiawan,rizky-setiawan@medikanusantara.co.id,Palembang,Admin Cabang,2014-07-10,2014-07-10,Customer Service | Data Entry | Document Control | excel | Reporting,"{""2023"": 3.7, ""2024"": 3.0, ""2025"": 3.9}",56,HRIS+ATS+LMS,
SRC-0175,EMP-3112,candidate_1092,moodle-7174,Fitri Kusuma,fitri-kusuma@medikanusantara.co.id,Yogyakarta,Sales Officer,2021-01-03,2020-12-20,negotiation | product knowledge,"{""2023"": 3.4, ""2024"": 3.0, ""2025"": 3.8}",,HRIS+ATS+LMS,start_date
SRC-0176,EMP-3113,candidate_1093,moodle-7175,Taufik Saputra T,taufik-saputra-t@medikanusantara.co.id,Medan,Team Lead Sales,2015-01-05,2015-02-04,crm usage | Forecasting | performance management | territory planning,"{""2023"": 4.5, ""2024"": 2.8, ""2025"": 3.7}",,HRIS+ATS+LMS,start_date
SRC-0177,EMP-3114,,moodle-7176,Budi Santoso,budi-santoso@medikanusantara.co.id,Palembang,Sourcing Officer,2015-01-16,2015-01-16,,"{""2022"": 70}",67,HRIS+ATS+LMS,
SRC-0178,EMP-3115,candidate_1095,moodle-7177,Lina Permata,,Surabaya,WH Operator,2012-09-07,2012-09-07,Quality Checks | safety compliance | warehouse systems,"{""2022"": 3.7, ""2023"": 2.8, ""2024"": 3.2, ""2025"": 3.5}",67,HRIS+ATS+LMS,
SRC-0179,EMP-3116,candidate_1096,moodle-7178,Ayu Wijaya W,ayu-wijaya-w@medikanusantara.co.id,Medan,Customer Care,2016-12-18,2016-12-04,communication | crm usage | Product Knowledge,"{""2023"": 3.4, ""2024"": 3.3, ""2025"": 3.3}",,HRIS+ATS+LMS,start_date
SRC-0180,EMP-3117,candidate_1097,moodle-7179,Zaki Santoso,zaki-santoso@medikanusantara.co.id,Manado,Buyer,2018-03-05,2018-03-12,,"{""2022"": 3.6}",62,HRIS+ATS+LMS,start_date
SRC-0181,EMP-3118,candidate_1098,moodle-7180,Rizky Santoso,,Surabaya,Logistics Crew,2022-10-21,2022-10-21,,"{""2022"": 3.3, ""2023"": 4.3, ""2024"": 4.0, ""2025"": 4.2}",79,HRIS+ATS+LMS,
SRC-0182,EMP-3119,candidate_1099,moodle-7181,Taufik Hidayat Z,,Manado,Distribution Driver,2012-07-27,2012-07-27,"Customer Service, delivery documentation, Route Planning, Vehicle Safety","{""2022"": 2.3, ""2023"": 4.5, ""2024"": 3.3, ""2025"": 3.0}",56,HRIS+ATS+LMS,
SRC-0183,EMP-3120,,,Taufik Hidayat A,taufik-hidayat-a@medikanusantara.co.id,Makassar,Branch Admin,2024-07-09,2024-06-25,"Automation Basics, data entry, document control, excel","{""2022"": 2.1, ""2023"": 2.9, ""2024"": 3.1, ""2025"": 3.0}",81,HRIS+ATS+LMS,start_date
SRC-0184,EMP-3121,candidate_1101,moodle-7183,Indra Santoso B,indra-santoso-b@medikanusantara.co.id,Balikpapan,Fleet Driver,2014-08-22,2014-08-08,,"{""2024"": 2.7}",,HRIS+ATS+LMS,start_date
SRC-0185,EMP-3122,candidate_1102,moodle-7184,Rina Siregar,rina-siregar@medikanusantara.co.id,Balikpapan,IT Helpdesk,2015-03-19,2015-03-19,documentation; Endpoint Support; network basics; Ticket Resolution,{},,HRIS+ATS+LMS,
SRC-0186,EMP-3123,candidate_1103,,Budi Wijaya D,budi-wijaya-d@medikanusantara.co.id,Pontianak,Fleet Driver,2021-08-18,2021-08-04,,"{""2022"": 3.3, ""2023"": 3.4, ""2024"": 3.7, ""2025"": 4.2}",72,HRIS+ATS+LMS,start_date
SRC-0187,EMP-3124,candidate_1104,moodle-7186,Dewi Saputra,dewi-saputra@medikanusantara.co.id,Yogyakarta,Gudang Operator,2018-11-12,2018-11-12,"Barcode Scanning, inventory handling, quality checks","{""2022"": 4.3, ""2023"": 2.7, ""2024"": 3.3, ""2025"": 4.1}",72,HRIS+ATS+LMS,
SRC-0188,EMP-3125,candidate_1105,moodle-7187,Dimas Siregar,dimas-siregar@medikanusantara.co.id,Palembang,Tech Support,2012-06-05,2012-06-05,,"{""2022"": 3.6, ""2023"": 3.9, ""2025"": 3.3}",87,HRIS+ATS+LMS,
SRC-0189,EMP-3126,candidate_1106,moodle-7188,Ayu Maharani G,ayu-maharani-g@medikanusantara.co.id,Jakarta,Sales 2,2013-01-30,2013-01-30,,"{""2022"": 3.0, ""2023"": 3.4, ""2024"": 3.1, ""2025"": 4.2}",70,HRIS+ATS+LMS,
SRC-0190,EMP-3127,candidate_1107,moodle-7189,Andi Siregar,andi-siregar@medikanusantara.co.id,Manado,Medical Representative,2025-11-08,2025-12-08,,"{""2022"": 84, ""2023"": 72, ""2024"": 44, ""2025"": 60}",76,HRIS+ATS+LMS,start_date
SRC-0191,EMP-3128,candidate_1108,moodle-7190,Nisa Lestari,,Balikpapan,Fleet Driver,2019-06-01,2019-06-08,,"{""2022"": 3.8, ""2023"": 2.6, ""2025"": 3.3}",67,HRIS+ATS+LMS,start_date
SRC-0192,EMP-3129,candidate_1109,moodle-7191,Fajar Ramadhan,fajar-ramadhan@medikanusantara.co.id,Bandung,Sales Coordinator,2017-12-03,2017-12-03,"coaching, crm usage, forecasting, Performance Management, territory planning","{""2022"": 3.1, ""2023"": 3.5, ""2024"": 3.7, ""2025"": 3.4}",60,HRIS+ATS+LMS,
SRC-0193,EMP-3130,candidate_1110,moodle-7192,Fitri Siregar,,Semarang,Purchasing Analyst,2019-09-08,2019-08-25,,"{""2022"": 4.5, ""2023"": 4.0, ""2024"": 2.5, ""2025"": 4.1}",84,HRIS+ATS+LMS,start_date
SRC-0194,EMP-3131,candidate_1111,moodle-7193,Bella Wijaya,bella-wijaya@medikanusantara.co.id,Yogyakarta,Sales Officer,2022-10-29,2022-10-29,,"{""2022"": 3.9}",82,HRIS+ATS+LMS,
SRC-0195,EMP-3132,candidate_1112,moodle-7194,Wahyu Setiawan,wahyu-setiawan@medikanusantara.co.id,Pontianak,Sr. Sales,2019-08-03,2019-08-03,Negotiation; territory planning,"{""2022"": 2.8, ""2023"": 4.0, ""2024"": 4.3, ""2025"": 4.8}",74,HRIS+ATS+LMS,
SRC-0196,EMP-3133,candidate_1113,moodle-7195,Maya Kurniawan,maya-kurniawan@medikanusantara.co.id,Makassar,Admin Cabang,2013-09-05,2013-09-05,,"{""2022"": 50, ""2024"": 82, ""2025"": 80}",79,HRIS+ATS+LMS,
SRC-0197,EMP-3134,candidate_1114,moodle-7196,Maya Nugroho O,maya-nugroho-o@medikanusantara.co.id,Surabaya,Kurir Medis,2021-01-17,2021-01-17,,"{""2022"": 84, ""2024"": 60, ""2025"": 56}",,HRIS+ATS+LMS,
SRC-0198,EMP-3135,candidate_1115,moodle-7197,Hadi Permata,,Yogyakarta,Purchasing Analyst,2022-08-11,2022-09-10,,"{""2022"": 2.3, ""2023"": 3.2, ""2024"": 4.1}",,HRIS+ATS+LMS,start_date
SRC-0199,EMP-3136,,moodle-7198,Wahyu Kusuma Q,wahyu-kusuma-q@medikanusantara.co.id,Yogyakarta,Sales Executive,2016-05-23,2016-05-23,,"{""2023"": 3.8, ""2024"": 3.8, ""2025"": 2.4}",,HRIS+ATS+LMS,
SRC-0200,EMP-3137,candidate_1117,moodle-7199,Taufik Setiawan,taufik-setiawan@medikanusantara.co.id,Makassar,Team Lead Sales,2023-03-10,2023-02-24,"Coaching, crm usage","{""2022"": 2.1, ""2023"": 2.6, ""2024"": 3.2, ""2025"": 3.0}",86,HRIS+ATS+LMS,start_date
SRC-D001,,candidate_990,moodle-7072,Rizky K,rizky.kurniawan@medikanusantara.co.id,Surabaya,Medical Representative,2025-01-25,2025-01-11,Crm Usage | Negotiation | Product Knowledge,"{""2022"": 92, ""2023"": 76, ""2024"": 62, ""2025"": 74}",56,ATS duplicate-ish,possible_duplicate
SRC-D002,,candidate_961,moodle-7043,Fajar N,fajar.nugroho@medikanusantara.co.id,Denpasar,Medical Representative,2012-04-22,2012-04-22,,{},77,ATS duplicate-ish,possible_duplicate
SRC-D003,,candidate_1111,moodle-7193,Bella W,bella.wijaya@medikanusantara.co.id,Yogyakarta,Sales 2,2022-10-29,2022-10-29,,"{""2022"": 3.9}",82,ATS duplicate-ish,possible_duplicate
SRC-D004,,candidate_1055,moodle-7137,Indra H,indra.permata.h@medikanusantara.co.id,Jakarta,Customer Care,2021-11-24,2021-11-24,Case Handling; crm usage; product knowledge,"{""2022"": 4.1, ""2023"": 4.0, ""2024"": 3.3, ""2025"": 1.5}",86,ATS duplicate-ish,possible_duplicate
SRC-D005,,candidate_X4,moodle-7001,Joko L,joko.lestari@medikanusantara.co.id,Bandung,Ops Admin,2012-02-23,2012-02-23,automation basics | Customer Service | document control | Excel,"{""2023"": 3.0, ""2024"": 3.8}",66,ATS duplicate-ish,possible_duplicate
SRC-D006,,candidate_1103,,Budi D,budi.wijaya.d@medikanusantara.co.id,Pontianak,Driver,2021-08-18,2021-08-04,,"{""2022"": 3.3, ""2023"": 3.4, ""2024"": 3.7, ""2025"": 4.2}",72,ATS duplicate-ish,possible_duplicate
SRC-D007,,candidate_943,moodle-7025,Andi N,andi.nugroho@medikanusantara.co.id,Palembang,Tech Support,2024-04-15,2024-04-01,,"{""2024"": 3.2}",,ATS duplicate-ish,possible_duplicate
SRC-D008,,candidate_972,moodle-7054,Nisa C,nisa.setiawan.c@medikanusantara.co.id,Surabaya,Senior Sales,2022-05-31,2022-05-31,,"{""2022"": 3.6, ""2025"": 2.9}",55,ATS duplicate-ish,possible_duplicate
SRC-D009,,candidate_X8,moodle-7129,Indra N,,Denpasar,IT Officer,2025-04-26,2025-04-26,Network Basics; ticket resolution,"{""2024"": 2.5}",70,ATS duplicate-ish,possible_duplicate
SRC-D010,,candidate_1099,moodle-7181,Taufik Z,,Manado,Driver,2012-07-27,2012-07-27,"Customer Service, delivery documentation, Route Planning, Vehicle Safety","{""2022"": 2.3, ""2023"": 4.5, ""2024"": 3.3, ""2025"": 3.0}",56,ATS duplicate-ish,possible_duplicate
SRC-D011,,candidate_X10,moodle-7121,Fitri P,fitri.pratama@medikanusantara.co.id,Pontianak,Desktop Support,2018-04-15,2018-04-15,Endpoint Support; excel; network basics,"{""2022"": 3.4, ""2023"": 2.4, ""2025"": 3.4}",95,ATS duplicate-ish,possible_duplicate
SRC-D012,,candidate_1011,moodle-7093,Bella P,bella.saputra.p@medikanusantara.co.id,Bandung,Ops Admin,2020-03-15,2020-03-15,,"{""2022"": 56, ""2023"": 76, ""2024"": 54, ""2025"": 56}",82,ATS duplicate-ish,possible_duplicate
SRC-D013,,candidate_1096,moodle-7178,Ayu W,ayu.wijaya.w@medikanusantara.co.id,Medan,Call Center Agent,2016-12-18,2016-12-04,communication | crm usage | Product Knowledge,"{""2023"": 3.4, ""2024"": 3.3, ""2025"": 3.3}",,ATS duplicate-ish,possible_duplicate
SRC-D014,,candidate_1068,moodle-7150,Yani S,yani.siregar@medikanusantara.co.id,Palembang,Sales Officer,2018-02-06,2018-02-06,customer relationship; product knowledge,"{""2022"": 2.9}",,ATS duplicate-ish,possible_duplicate
SRC-D015,,candidate_965,moodle-7047,Vina S,vina.siregar@medikanusantara.co.id,Denpasar,Buyer,2012-10-21,2012-10-21,"Negotiation, spend analysis","{""2022"": 62, ""2023"": 70}",93,ATS duplicate-ish,possible_duplicate
SRC-D016,,candidate_1030,moodle-7112,Indra M,indra.maharani@medikanusantara.co.id,Denpasar,Driver,2019-02-24,2019-02-24,,"{""2023"": 3.7}",64,ATS duplicate-ish,possible_duplicate
SRC-D017,,candidate_X16,moodle-7172,Dimas L,,Makassar,CS Officer,2012-12-15,2012-12-15,case handling; Communication; crm usage; Problem Solving; Product Knowledge,"{""2022"": 4.6, ""2024"": 2.9, ""2025"": 3.7}",48,ATS duplicate-ish,possible_duplicate
SRC-D018,,candidate_945,moodle-7027,Intan K,intan.kurniawan@medikanusantara.co.id,Palembang,Tech Support,2024-01-27,2024-01-27,,"{""2023"": 62, ""2024"": 56, ""2025"": 80}",84,ATS duplicate-ish,possible_duplicate
SRC-D019,,candidate_964,moodle-7046,Lina S,lina.saputra@medikanusantara.co.id,Balikpapan,Ops Admin,2012-05-05,2012-05-12,customer service; data entry; Document Control,"{""2022"": 2.7, ""2023"": 3.0, ""2024"": 2.5, ""2025"": 3.7}",,ATS duplicate-ish,possible_duplicate
SRC-D020,,candidate_1008,moodle-7090,Zaki M,zaki.maharani@medikanusantara.co.id,Balikpapan,Warehouse Staff,2013-08-20,2013-08-20,"barcode scanning, warehouse systems","{""2022"": 58, ""2023"": 82, ""2024"": 86, ""2025"": 60}",82,ATS duplicate-ish,possible_duplicate
