canonical_employee_id,employee_name,branch,hris_employee_id,ats_candidate_id,lms_user_id,normalized_job_title,target_role,canonical_start_date,skills,skill_source,inferred_skills,performance_history,engagement_score,role_obsolescence_risk,skill_gap_score,reskill_priority_score,transition_readiness_score,identity_confidence,skill_confidence,record_confidence,human_review_flag,review_reason
MN-C-0001,Sari Saputra,Bandung,EMP-2938,candidate_918,moodle-7000,Field Sales Representative,Key Account Specialist,2017-06-29,customer relationship|product knowledge|territory planning,observed_and_normalized,,"{""2022"": 3.2, ""2024"": 3.3, ""2025"": 2.4}",65,0.48,0.6,49,46,0.98,0.93,0.91,NO,
MN-C-0002,Joko Lestari,Bandung,EMP-2939,,moodle-7001,Branch Administrator,Process Excellence Associate,2012-02-23,automation basics|customer service|document control|excel,observed_and_normalized,,"{""2023"": 3.0, ""2024"": 3.8}",66,0.76,0.8,70,40,0.9,0.93,0.88,NO,
MN-C-0003,Budi Permata,Pontianak,EMP-2940,candidate_920,moodle-7002,Warehouse Operator,Warehouse Automation Technician,2025-11-14,barcode scanning|excel|inventory handling|quality checks|safety compliance,observed_and_normalized,,"{""2022"": 3.4, ""2023"": 4.1, ""2024"": 2.4, ""2025"": 3.5}",66,0.72,0.8,68,38,0.98,0.93,0.94,NO,
MN-C-0004,Taufik Santoso,Pontianak,EMP-2941,candidate_921,moodle-7003,Procurement Analyst,Strategic Sourcing Analyst,2013-08-07,erp|negotiation|spend analysis,inferred_from_role_taxonomy,erp|spend analysis|negotiation,"{""2022"": 4.2, ""2023"": 2.9, ""2024"": 3.4, ""2025"": 3.1}",76,0.34,0.4,34,49,0.98,0.68,0.9,NO,
MN-C-0005,Nisa Setiawan,Semarang,EMP-2942,candidate_922,moodle-7004,Customer Service Officer,Digital Service Analyst,2016-10-07,crm usage|problem solving|product knowledge,inferred_from_role_taxonomy,problem solving|product knowledge|crm usage,"{""2022"": 2.8, ""2023"": 2.6, ""2024"": 3.7, ""2025"": 3.8}",83,0.66,0.6,56,56,0.98,0.68,0.9,NO,
MN-C-0006,Bella Saputra,Makassar,EMP-2943,candidate_923,,Field Sales Representative,Digital Account Executive,2021-06-20,negotiation|product knowledge|territory planning,inferred_from_role_taxonomy,negotiation|territory planning|product knowledge,"{""2022"": 3.3, ""2023"": 4.1, ""2024"": 4.3, ""2025"": 4.2}",73,0.48,0.8,54,44,0.9,0.68,0.85,NO,
MN-C-0007,Dimas Ramadhan,Manado,EMP-2944,candidate_924,moodle-7006,Field Sales Representative,Digital Account Executive,2017-11-27,negotiation|product knowledge|territory planning,inferred_from_role_taxonomy,negotiation|product knowledge|territory planning,"{""2022"": 2.8, ""2023"": 3.1, ""2024"": 3.6, ""2025"": 4.1}",64,0.48,0.8,55,66,0.98,0.68,0.87,NO,
MN-C-0008,Citra Siregar,Bandung,EMP-2945,candidate_925,moodle-7007,Warehouse Operator,Inventory Control Analyst,2017-05-15,analytics|barcode scanning|inventory handling,observed_and_normalized,,"{""2022"": 4.1, ""2023"": 3.2, ""2024"": 3.7, ""2025"": 3.2}",48,0.72,1.0,76,20,0.98,0.93,0.96,NO,
MN-C-0009,Yani Nugroho,Manado,EMP-2946,candidate_926,moodle-7008,Delivery Driver,Fleet Control Coordinator,2018-12-28,customer service|route planning|vehicle safety,inferred_from_role_taxonomy,vehicle safety|route planning|customer service,"{""2024"": 2.4, ""2025"": 4.3}",73,0.38,0.8,48,32,0.98,0.68,0.82,NO,
MN-C-0010,Budi Siregar,Semarang,EMP-2947,candidate_927,moodle-7009,Field Sales Representative,Key Account Specialist,2013-08-03,customer relationship|product knowledge|territory planning,inferred_from_role_taxonomy,product knowledge|territory planning|customer relationship,"{""2022"": 4.0, ""2023"": 2.8, ""2024"": 3.1, ""2025"": 3.5}",64,0.48,0.6,49,61,0.98,0.68,0.87,NO,
MN-C-0011,Ayu Maharani,Pontianak,EMP-2948,candidate_928,moodle-7010,Delivery Driver,Route Optimization Dispatcher,2014-03-17,customer service|delivery documentation|route planning,inferred_from_role_taxonomy,customer service|delivery documentation|route planning,"{""2022"": 3.9, ""2023"": 2.7, ""2024"": 3.6, ""2025"": 3.9}",66,0.38,0.8,49,38,0.98,0.68,0.9,NO,
MN-C-0012,Putra Saputra,Denpasar,EMP-2949,candidate_929,moodle-7011,Field Sales Representative,Digital Account Executive,2012-04-30,crm usage|territory planning,observed_and_normalized,,"{""2022"": 4.2, ""2023"": 2.3, ""2025"": 4.3}",63,0.48,0.8,55,38,0.98,0.93,0.93,NO,
MN-C-0013,Vina Nugroho,Denpasar,EMP-2950,,moodle-7012,Sales Supervisor,Digital Sales Coach,2022-11-30,crm usage|performance management|territory planning,inferred_from_role_taxonomy,performance management|crm usage|territory planning,"{""2022"": 2.4, ""2024"": 3.1, ""2025"": 3.6}",66,0.25,0.6,36,40,0.9,0.68,0.84,NO,
MN-C-0014,Budi Kurniawan,Yogyakarta,EMP-2951,candidate_931,moodle-7013,Field Sales Representative,Digital Account Executive,2013-07-10,customer relationship|negotiation|product knowledge|reporting,observed_and_normalized,,"{""2024"": 2.9, ""2025"": 3.1}",67,0.48,0.6,48,49,0.98,0.93,0.89,NO,
MN-C-0015,Dewi Maharani,Balikpapan,EMP-2952,candidate_932,moodle-7014,Delivery Driver,Fleet Control Coordinator,2019-02-03,customer service|delivery documentation|route planning,inferred_from_role_taxonomy,route planning|customer service|delivery documentation,"{""2022"": 2.9, ""2024"": 3.0, ""2025"": 3.3}",80,0.38,0.8,47,40,0.98,0.68,0.87,NO,
MN-C-0016,Lina Kurniawan,Bandung,EMP-2953,candidate_933,moodle-7015,Branch Administrator,Operations Data Coordinator,2025-09-19,customer service|excel|reporting,inferred_from_role_taxonomy,customer service|reporting|excel,"{""2023"": 3.5, ""2024"": 4.1, ""2025"": 2.7}",70,0.76,0.6,63,49,0.98,0.68,0.87,NO,
MN-C-0017,Taufik Maharani,Denpasar,EMP-2954,candidate_934,moodle-7016,Customer Service Officer,Customer Experience Specialist,2022-12-16,case handling|problem solving|product knowledge,inferred_from_role_taxonomy,problem solving|case handling|product knowledge,"{""2023"": 3.8, ""2024"": 3.7, ""2025"": 3.3}",68,0.66,0.6,58,62,0.98,0.68,0.85,NO,
MN-C-0018,Farhan Nugroho,Denpasar,EMP-2955,candidate_935,moodle-7017,IT Support Specialist,Cybersecurity Operations Associate,2012-10-22,documentation|network basics|ticket resolution,inferred_from_role_taxonomy,network basics|ticket resolution|documentation,"{""2022"": 2.6, ""2023"": 4.2, ""2024"": 2.3, ""2025"": 4.2}",85,0.22,0.6,32,71,0.98,0.68,0.87,NO,
MN-C-0019,Joko Setiawan,Medan,EMP-2956,candidate_936,,Procurement Analyst,Supplier Risk Analyst,2015-08-24,negotiation|spend analysis|supplier analysis,inferred_from_role_taxonomy,negotiation|spend analysis|supplier analysis,"{""2022"": 4.4, ""2023"": 2.9, ""2024"": 3.2}",93,0.34,0.8,44,52,0.9,0.68,0.84,NO,
MN-C-0020,Bella Ramadhan,Balikpapan,EMP-2957,,moodle-7019,Field Sales Representative,Digital Account Executive,2019-11-04,crm usage|customer relationship|product knowledge|territory planning,observed_and_normalized,,"{""2022"": 4.3, ""2023"": 3.8, ""2024"": 2.8, ""2025"": 2.3}",96,0.48,0.4,39,62,0.9,0.93,0.91,NO,
MN-C-0021,Rina Santoso,Yogyakarta,EMP-2958,candidate_938,moodle-7020,Field Sales Representative,Key Account Specialist,2021-09-29,crm usage|customer relationship|negotiation|product knowledge,observed_and_normalized,,"{""2022"": 3.6, ""2023"": 3.3, ""2024"": 3.3, ""2025"": 3.2}",53,0.48,0.4,44,59,0.98,0.93,0.96,NO,
MN-C-0022,Indra Kusuma,Pontianak,EMP-2959,candidate_939,moodle-7021,Field Sales Representative,Key Account Specialist,2019-05-28,crm usage|customer relationship|negotiation,inferred_from_role_taxonomy,crm usage|negotiation|customer relationship,"{""2022"": 3.1, ""2023"": 2.6, ""2024"": 2.6, ""2025"": 4.1}",61,0.48,0.6,49,64,0.98,0.68,0.9,NO,
MN-C-0023,Gita Santoso,Yogyakarta,EMP-2960,candidate_940,moodle-7022,Field Sales Representative,Key Account Specialist,2025-08-09,crm usage|customer relationship|negotiation|territory planning,observed_and_normalized,,"{""2022"": 3.1, ""2023"": 3.3, ""2024"": 2.4, ""2025"": 3.1}",68,0.48,0.6,48,49,0.98,0.93,0.96,NO,
MN-C-0024,Fajar Maharani,Medan,EMP-2961,candidate_941,moodle-7023,Warehouse Operator,Inventory Control Analyst,2015-04-22,barcode scanning|safety compliance|warehouse systems,inferred_from_role_taxonomy,barcode scanning|warehouse systems|safety compliance,"{""2022"": 3.4, ""2023"": 2.7, ""2024"": 3.2, ""2025"": 2.8}",83,0.72,0.8,66,25,0.98,0.68,0.9,NO,
MN-C-0025,Bella Utami,Palembang,EMP-2962,candidate_942,moodle-7024,IT Support Specialist,Cloud Support Analyst,2016-11-27,cyber hygiene|documentation|ticket resolution,observed_and_normalized,,"{""2022"": 4.1, ""2023"": 3.8, ""2024"": 3.9, ""2025"": 2.9}",90,0.22,0.4,25,65,0.98,0.93,0.96,NO,
MN-C-0026,Andi Nugroho,Palembang,EMP-2963,candidate_943,moodle-7025,IT Support Specialist,Cloud Support Analyst,2024-04-15,cyber hygiene|documentation|endpoint support,inferred_from_role_taxonomy,cyber hygiene|endpoint support|documentation,"{""2022"": 3.5, ""2023"": 2.6, ""2024"": 3.2, ""2025"": 2.9}",76,0.22,0.6,33,61,0.98,0.68,0.87,NO,
MN-C-0027,Intan Nugroho,Medan,EMP-2964,,moodle-7026,Field Sales Representative,Digital Account Executive,2013-06-10,crm usage|negotiation|product knowledge,inferred_from_role_taxonomy,crm usage|product knowledge|negotiation,"{""2022"": 3.2, ""2023"": 3.5, ""2024"": 3.3, ""2025"": 1.9}",76,0.48,0.6,47,59,0.76,0.68,0.8,YES,identity ambiguity
MN-C-0028,Intan Kurniawan,Palembang,EMP-2965,candidate_945,moodle-7027,IT Support Specialist,Cloud Support Analyst,2024-01-27,cyber hygiene|endpoint support|network basics,inferred_from_role_taxonomy,cyber hygiene|endpoint support|network basics,"{""2023"": 3.1, ""2024"": 2.8, ""2025"": 4.0}",84,0.22,0.8,38,56,0.98,0.68,0.87,NO,
MN-C-0029,Intan Setiawan,Jakarta,EMP-2966,candidate_946,moodle-7028,Branch Administrator,Operations Data Coordinator,2013-11-18,customer service|data entry|document control|excel|reporting,observed_and_normalized,,"{""2022"": 2.9, ""2023"": 4.3, ""2024"": 3.6}",64,0.76,0.6,64,53,0.98,0.93,0.91,NO,
MN-C-0030,Putra Pratama,Semarang,EMP-2967,candidate_947,moodle-7029,Sales Supervisor,Digital Sales Coach,2017-01-10,coaching|crm usage,observed_and_normalized,,"{""2022"": 3.7, ""2023"": 3.4, ""2024"": 2.9, ""2025"": 3.2}",73,0.25,0.6,35,50,0.98,0.93,0.94,NO,
MN-C-0031,Wahyu Nugroho,Makassar,EMP-2968,candidate_948,moodle-7030,Field Sales Representative,Key Account Specialist,2018-12-23,crm usage|customer relationship,observed_and_normalized,,"{""2022"": 3.0, ""2023"": 2.3, ""2024"": 4.4, ""2025"": 3.6}",64,0.48,0.8,55,39,0.98,0.93,0.96,NO,
MN-C-0032,Gita Kurniawan,Surabaya,EMP-2969,,moodle-7031,Delivery Driver,Fleet Control Coordinator,2024-09-10,customer service|delivery documentation,observed_and_normalized,,"{""2022"": 2.8, ""2023"": 3.3, ""2024"": 4.6, ""2025"": 4.3}",81,0.38,1.0,53,34,0.9,0.93,0.93,NO,
MN-C-0033,Wahyu Permata,Bandung,EMP-2970,candidate_950,moodle-7032,Sales Supervisor,Digital Sales Coach,2025-10-24,coaching|crm usage|forecasting|performance management|territory planning,observed_and_normalized,,"{""2022"": 2.5, ""2024"": 3.4, ""2025"": 4.0}",70,0.25,0.4,29,68,0.98,0.93,0.91,NO,
MN-C-0034,Dimas Ramadhan H,Bandung,EMP-2971,candidate_951,moodle-7033,Field Sales Representative,Digital Account Executive,2019-08-20,crm usage|negotiation|territory planning,inferred_from_role_taxonomy,crm usage|negotiation|territory planning,"{""2022"": 3.5, ""2023"": 2.7, ""2024"": 3.8, ""2025"": 3.2}",59,0.48,0.8,55,60,0.9,0.68,0.85,NO,
MN-C-0035,Gita Lestari,Medan,EMP-2972,candidate_952,moodle-7034,Warehouse Operator,Warehouse Automation Technician,2018-11-13,barcode scanning|quality checks|safety compliance|warehouse systems,observed_and_normalized,,"{""2022"": 3.2, ""2023"": 3.8, ""2024"": 3.3, ""2025"": 1.8}",79,0.72,0.6,60,47,0.98,0.93,0.94,NO,
MN-C-0036,Rina Utami,Bandung,EMP-2973,candidate_953,moodle-7035,Branch Administrator,Operations Data Coordinator,2014-04-03,customer service|data literacy|document control|excel,observed_and_normalized,,"{""2022"": 4.3, ""2023"": 3.5, ""2024"": 3.4, ""2025"": 2.7}",57,0.76,0.8,71,32,0.98,0.93,0.94,NO,
MN-C-0037,Adi Setiawan,Balikpapan,EMP-2974,candidate_954,moodle-7036,Warehouse Operator,Warehouse Automation Technician,2021-11-17,barcode scanning|data literacy|inventory handling|quality checks|safety compliance,observed_and_normalized,,"{""2022"": 4.1, ""2024"": 3.7, ""2025"": 2.7}",100,0.72,0.8,64,40,0.98,0.93,0.91,NO,
MN-C-0038,Yani Kusuma,Yogyakarta,EMP-2975,candidate_955,moodle-7037,Delivery Driver,Fleet Control Coordinator,2017-01-22,delivery documentation|route planning|vehicle safety,inferred_from_role_taxonomy,delivery documentation|route planning|vehicle safety,"{""2022"": 3.1, ""2023"": 4.2, ""2024"": 3.8, ""2025"": 3.2}",68,0.38,0.8,49,39,0.98,0.68,0.9,NO,
MN-C-0039,Budi Wijaya,Balikpapan,EMP-2976,candidate_956,moodle-7038,Field Sales Representative,Digital Account Executive,2025-04-26,crm usage|customer relationship|territory planning,inferred_from_role_taxonomy,customer relationship|crm usage|territory planning,"{""2022"": 3.0, ""2023"": 4.3, ""2024"": 2.8, ""2025"": 3.9}",67,0.48,0.6,48,66,0.98,0.68,0.9,NO,
MN-C-0040,Sari Wijaya,Makassar,EMP-2977,candidate_957,moodle-7039,IT Support Specialist,Cybersecurity Operations Associate,2013-08-07,endpoint support|network basics,observed_and_normalized,,"{""2022"": 3.9, ""2023"": 3.0, ""2024"": 2.9, ""2025"": 3.6}",57,0.22,0.8,41,35,0.98,0.93,0.96,NO,
MN-C-0041,Wahyu Hidayat,Jakarta,EMP-2978,candidate_958,moodle-7040,Delivery Driver,Route Optimization Dispatcher,2014-01-18,customer service|route planning|vehicle safety,inferred_from_role_taxonomy,customer service|vehicle safety|route planning,"{""2022"": 3.7, ""2023"": 3.7, ""2024"": 4.0, ""2025"": 4.0}",72,0.38,0.8,48,29,0.9,0.68,0.85,NO,
MN-C-0042,Budi Ramadhan,Semarang,EMP-2979,candidate_959,moodle-7041,Warehouse Operator,Inventory Control Analyst,2019-03-15,barcode scanning|safety compliance,observed_and_normalized,,"{""2022"": 3.0, ""2023"": 2.8}",72,0.72,1.0,73,24,0.98,0.93,0.91,NO,
MN-C-0043,Bella Permata,Jakarta,EMP-2980,candidate_960,moodle-7042,Customer Service Officer,Digital Service Analyst,2024-03-02,case handling|communication|crm usage,inferred_from_role_taxonomy,communication|case handling|crm usage,"{""2022"": 3.7, ""2023"": 2.0, ""2024"": 2.9, ""2025"": 4.6}",94,0.66,0.8,61,58,0.98,0.68,0.87,NO,
MN-C-0044,Fajar Nugroho,Denpasar,EMP-2981,candidate_961,moodle-7043,Field Sales Representative,Key Account Specialist,2012-04-22,crm usage|customer relationship|territory planning,inferred_from_role_taxonomy,customer relationship|crm usage|territory planning,"{""2022"": 3.8, ""2023"": 3.1, ""2024"": 2.7, ""2025"": 3.4}",77,0.48,0.8,53,63,0.98,0.68,0.9,NO,
MN-C-0045,Wahyu Siregar,Surabaya,EMP-2982,candidate_962,moodle-7044,Field Sales Representative,Key Account Specialist,2018-03-13,crm usage|customer relationship|negotiation|product knowledge|territory planning,observed_and_normalized,,"{""2022"": 3.7, ""2023"": 3.8, ""2024"": 2.8, ""2025"": 3.4}",60,0.48,0.4,43,61,0.98,0.93,0.94,NO,
MN-C-0046,Bella Lestari,Medan,EMP-2983,candidate_963,moodle-7045,Sales Supervisor,Digital Sales Coach,2024-10-28,coaching|crm usage|forecasting|performance management|territory planning,observed_and_normalized,,"{""2022"": 2.7, ""2023"": 4.0, ""2024"": 3.2, ""2025"": 3.4}",52,0.25,0.4,32,62,0.98,0.93,0.96,NO,
MN-C-0047,Lina Saputra,Balikpapan,EMP-2984,candidate_964,moodle-7046,Branch Administrator,Operations Data Coordinator,2012-05-05,customer service|data entry|document control,observed_and_normalized,,"{""2022"": 2.7, ""2023"": 3.0, ""2024"": 2.5, ""2025"": 3.7}",63,0.76,1.0,76,26,0.98,0.93,0.94,NO,
MN-C-0048,Vina Siregar,Denpasar,EMP-2985,candidate_965,moodle-7047,Procurement Analyst,Strategic Sourcing Analyst,2012-10-21,negotiation|spend analysis,observed_and_normalized,,"{""2022"": 3.1, ""2023"": 3.5, ""2024"": 2.5, ""2025"": 3.7}",93,0.34,0.6,38,56,0.98,0.93,0.96,NO,
MN-C-0049,Indra Kusuma W,Denpasar,EMP-2986,candidate_966,moodle-7048,Field Sales Representative,Key Account Specialist,2021-03-29,customer relationship|negotiation|territory planning,inferred_from_role_taxonomy,customer relationship|territory planning|negotiation,"{""2022"": 3.7, ""2023"": 2.5, ""2024"": 3.4, ""2025"": 2.5}",76,0.48,0.6,47,35,0.98,0.68,0.9,NO,
MN-C-0050,Lina Siregar,Denpasar,EMP-2987,candidate_967,moodle-7049,Warehouse Operator,Warehouse Automation Technician,2015-07-18,safety compliance|warehouse systems,observed_and_normalized,,"{""2022"": 4.3, ""2023"": 3.1, ""2024"": 4.6}",72,0.72,0.6,61,55,0.98,0.93,0.91,NO,
MN-C-0051,Indra Setiawan,Manado,EMP-2988,candidate_968,moodle-7050,Warehouse Operator,Warehouse Automation Technician,2018-08-15,inventory handling|quality checks|safety compliance,inferred_from_role_taxonomy,quality checks|safety compliance|inventory handling,"{""2022"": 4.7, ""2023"": 3.1, ""2024"": 4.2, ""2025"": 2.7}",75,0.72,0.8,67,47,0.98,0.68,0.87,NO,
MN-C-0052,Fitri Maharani,Pontianak,EMP-2989,candidate_969,moodle-7051,Procurement Analyst,Supplier Risk Analyst,2015-01-25,erp|spend analysis|supplier analysis,inferred_from_role_taxonomy,spend analysis|supplier analysis|erp,"{""2023"": 2.9, ""2024"": 3.8, ""2025"": 3.1}",78,0.34,0.8,45,40,0.98,0.68,0.85,NO,
MN-C-0053,Indra Permata,Bandung,EMP-2990,candidate_970,moodle-7052,Branch Administrator,Operations Data Coordinator,2015-09-09,customer service|document control|excel|reporting,observed_and_normalized,,"{""2022"": 4.4, ""2024"": 3.5, ""2025"": 4.3}",53,0.76,0.6,65,50,0.98,0.93,0.93,NO,
MN-C-0054,Budi Utami,Bandung,EMP-2991,candidate_971,moodle-7053,Warehouse Operator,Warehouse Automation Technician,2024-01-13,safety compliance|warehouse systems,observed_and_normalized,,"{""2022"": 4.1, ""2023"": 4.0, ""2025"": 2.0}",97,0.72,0.6,58,49,0.98,0.93,0.91,NO,
MN-C-0055,Nisa Setiawan C,Surabaya,EMP-2992,candidate_972,moodle-7054,Field Sales Representative,Key Account Specialist,2022-05-31,crm usage|negotiation|territory planning,inferred_from_role_taxonomy,crm usage|negotiation|territory planning,"{""2022"": 3.6, ""2023"": 4.4, ""2024"": 4.1, ""2025"": 2.9}",55,0.48,0.8,56,60,0.98,0.68,0.9,NO,
MN-C-0056,Joko Setiawan D,Makassar,EMP-2993,candidate_973,moodle-7055,Procurement Analyst,Strategic Sourcing Analyst,2021-04-21,erp|negotiation|spend analysis,inferred_from_role_taxonomy,negotiation|spend analysis|erp,"{""2022"": 3.2, ""2023"": 2.9, ""2024"": 2.2, ""2025"": 4.7}",86,0.34,0.4,32,45,0.98,0.68,0.87,NO,
MN-C-0057,Fitri Lestari,Balikpapan,EMP-2994,candidate_974,moodle-7056,Sales Supervisor,Commercial Excellence Manager,2014-01-20,crm usage|performance management|territory planning,inferred_from_role_taxonomy,performance management|crm usage|territory planning,"{""2022"": 2.8, ""2023"": 3.1, ""2024"": 3.3, ""2025"": 3.6}",96,0.25,0.8,38,57,0.98,0.68,0.87,NO,
MN-C-0058,Dewi Utami,Jakarta,EMP-2995,candidate_975,moodle-7057,IT Support Specialist,Cloud Support Analyst,2018-03-21,data literacy|endpoint support|network basics|ticket resolution,observed_and_normalized,,"{""2022"": 2.7, ""2023"": 4.2, ""2025"": 3.8}",81,0.22,0.8,38,45,0.98,0.93,0.91,NO,
MN-C-0059,Budi Ramadhan G,Semarang,EMP-2996,candidate_976,,Branch Administrator,Operations Data Coordinator,2023-07-06,customer service|document control,observed_and_normalized,,"{""2023"": 3.9, ""2024"": 2.8, ""2025"": 4.0}",77,0.76,1.0,75,28,0.9,0.93,0.88,NO,
MN-C-0060,Taufik Saputra,Balikpapan,EMP-2997,candidate_977,moodle-7059,Branch Administrator,Process Excellence Associate,2013-08-25,customer service|excel|reporting,inferred_from_role_taxonomy,excel|reporting|customer service,"{""2022"": 2.5, ""2023"": 2.8, ""2024"": 3.1, ""2025"": 4.1}",74,0.76,1.0,75,43,0.98,0.68,0.9,NO,
MN-C-0061,Farhan Utami,Medan,EMP-2998,candidate_978,moodle-7060,Branch Administrator,Operations Data Coordinator,2021-08-24,customer service|data entry|reporting,inferred_from_role_taxonomy,reporting|data entry|customer service,"{""2023"": 3.1, ""2024"": 3.1, ""2025"": 3.6}",93,0.76,0.8,67,56,0.98,0.68,0.85,NO,
MN-C-0062,Citra Nugroho,Makassar,EMP-2999,candidate_979,moodle-7061,Procurement Analyst,Strategic Sourcing Analyst,2024-06-23,contract basics|spend analysis,observed_and_normalized,,"{""2022"": 3.8, ""2023"": 4.0, ""2024"": 3.1}",70,0.34,0.8,46,37,0.98,0.93,0.91,NO,
MN-C-0063,Nadia Lestari,Balikpapan,EMP-3000,candidate_980,moodle-7062,Field Sales Representative,Key Account Specialist,2017-01-11,automation basics|crm usage|product knowledge,observed_and_normalized,,"{""2022"": 3.9, ""2023"": 4.3, ""2024"": 2.0, ""2025"": 3.3}",70,0.48,0.8,54,37,0.98,0.93,0.94,NO,
MN-C-0064,Andi Nugroho L,Makassar,EMP-3001,candidate_981,moodle-7063,Warehouse Operator,Warehouse Automation Technician,2018-02-16,inventory handling|quality checks|safety compliance|warehouse systems,observed_and_normalized,,"{""2022"": 3.1, ""2023"": 3.6, ""2025"": 3.5}",84,0.72,0.6,60,55,0.98,0.93,0.91,NO,
MN-C-0065,Indra Santoso,Yogyakarta,EMP-3002,candidate_982,moodle-7064,Procurement Analyst,Strategic Sourcing Analyst,2025-05-16,negotiation|reporting|supplier analysis,observed_and_normalized,,"{""2024"": 2.6, ""2025"": 3.7}",75,0.34,0.6,40,54,0.9,0.93,0.88,NO,
MN-C-0066,Citra Santoso,Yogyakarta,EMP-3003,candidate_983,moodle-7065,Delivery Driver,Fleet Control Coordinator,2022-11-30,customer service|route planning|vehicle safety,inferred_from_role_taxonomy,customer service|route planning|vehicle safety,"{""2023"": 4.1, ""2024"": 3.5, ""2025"": 2.3}",82,0.38,0.8,47,35,0.98,0.68,0.85,NO,
MN-C-0067,Dewi Kusuma,Medan,EMP-3004,candidate_984,moodle-7066,Branch Administrator,Process Excellence Associate,2023-03-22,customer service|data entry|excel|reporting,observed_and_normalized,,"{""2022"": 3.8, ""2024"": 2.8, ""2025"": 3.6}",69,0.76,1.0,76,25,0.98,0.93,0.91,NO,
MN-C-0068,Dimas Utami,Balikpapan,EMP-3005,candidate_985,moodle-7067,Sales Supervisor,Commercial Excellence Manager,2020-02-12,forecasting|performance management|territory planning,inferred_from_role_taxonomy,performance management|territory planning|forecasting,"{""2022"": 4.0, ""2024"": 3.3, ""2025"": 2.9}",87,0.25,0.8,39,38,0.98,0.68,0.87,NO,
MN-C-0069,Eka Siregar,Semarang,EMP-3006,,moodle-7068,Procurement Analyst,Supplier Risk Analyst,2015-04-24,contract basics|erp|supplier analysis,inferred_from_role_taxonomy,erp|contract basics|supplier analysis,"{""2022"": 3.8, ""2023"": 4.7, ""2024"": 4.0, ""2025"": 2.6}",66,0.34,0.6,41,48,0.9,0.68,0.85,NO,
MN-C-0070,Farhan Setiawan,Yogyakarta,EMP-3007,candidate_987,moodle-7069,Delivery Driver,Fleet Control Coordinator,2019-04-01,customer service|route planning|vehicle safety,inferred_from_role_taxonomy,route planning|customer service|vehicle safety,"{""2022"": 3.6, ""2023"": 2.6, ""2025"": 3.9}",75,0.38,0.8,48,40,0.98,0.68,0.85,NO,
MN-C-0071,Sari Kurniawan,Surabaya,EMP-3008,candidate_988,moodle-7070,Sales Supervisor,Digital Sales Coach,2025-10-17,crm usage|forecasting|performance management,inferred_from_role_taxonomy,forecasting|performance management|crm usage,"{""2022"": 4.0, ""2023"": 3.2, ""2024"": 3.6, ""2025"": 3.3}",90,0.25,0.6,33,65,0.9,0.68,0.85,NO,
MN-C-0072,Nadia Permata,Semarang,EMP-3009,candidate_989,moodle-7071,Delivery Driver,Route Optimization Dispatcher,2020-05-12,customer service|delivery documentation|vehicle safety,inferred_from_role_taxonomy,vehicle safety|customer service|delivery documentation,"{""2023"": 3.6, ""2024"": 3.0, ""2025"": 4.0}",72,0.38,0.8,48,41,0.98,0.68,0.87,NO,
MN-C-0073,Rizky Kurniawan,Surabaya,EMP-3010,candidate_990,moodle-7072,Field Sales Representative,Key Account Specialist,2025-01-25,crm usage|negotiation|product knowledge,observed_and_normalized,,"{""2022"": 4.6, ""2023"": 3.8, ""2024"": 3.1, ""2025"": 3.7}",56,0.48,0.6,50,47,0.98,0.93,0.94,NO,
MN-C-0074,Wahyu Maharani,Surabaya,EMP-3011,candidate_991,moodle-7073,IT Support Specialist,Cloud Support Analyst,2021-06-30,documentation|endpoint support|network basics|ticket resolution,observed_and_normalized,,"{""2022"": 3.4, ""2023"": 2.9, ""2024"": 3.0, ""2025"": 4.4}",53,0.22,0.6,36,51,0.98,0.93,0.96,NO,
MN-C-0075,Taufik Hidayat,Yogyakarta,EMP-3012,candidate_992,moodle-7074,Customer Service Officer,Digital Service Analyst,2014-12-09,case handling|crm usage|product knowledge,inferred_from_role_taxonomy,crm usage|case handling|product knowledge,"{""2022"": 3.1, ""2023"": 2.9, ""2024"": 3.5, ""2025"": 2.8}",70,0.66,0.8,64,61,0.98,0.68,0.9,NO,
MN-C-0076,Maya Siregar,Semarang,EMP-3013,candidate_993,moodle-7075,Customer Service Officer,Digital Service Analyst,2024-10-16,communication|crm usage|problem solving,inferred_from_role_taxonomy,crm usage|problem solving|communication,"{""2022"": 3.7, ""2023"": 3.7, ""2024"": 3.1, ""2025"": 3.3}",78,0.66,0.6,57,51,0.98,0.68,0.9,NO,
MN-C-0077,Fitri Ramadhan,Makassar,EMP-3014,candidate_994,moodle-7076,IT Support Specialist,Cloud Support Analyst,2021-10-23,documentation|endpoint support|network basics,inferred_from_role_taxonomy,documentation|network basics|endpoint support,"{""2022"": 2.9, ""2023"": 2.9, ""2024"": 3.7}",74,0.22,0.8,39,41,0.9,0.68,0.82,NO,
MN-C-0078,Vina Maharani,Makassar,EMP-3015,candidate_995,moodle-7077,Warehouse Operator,Inventory Control Analyst,2015-02-01,barcode scanning|inventory handling|warehouse systems,inferred_from_role_taxonomy,inventory handling|warehouse systems|barcode scanning,"{""2022"": 3.9, ""2023"": 3.3, ""2025"": 3.4}",80,0.72,0.8,66,39,0.98,0.68,0.87,NO,
MN-C-0079,Nadia Kusuma,Bandung,EMP-3016,,moodle-7078,Field Sales Representative,Digital Account Executive,2017-04-30,crm usage|customer relationship|negotiation|territory planning,observed_and_normalized,,"{""2022"": 2.7, ""2024"": 2.6, ""2025"": 3.4}",55,0.48,0.6,50,48,0.9,0.93,0.88,NO,
MN-C-0080,Adi Setiawan B,Yogyakarta,EMP-3017,candidate_997,moodle-7079,Warehouse Operator,Inventory Control Analyst,2021-05-05,inventory handling|quality checks|safety compliance,observed_and_normalized,,"{""2022"": 2.9, ""2023"": 3.2, ""2024"": 3.3}",63,0.72,1.0,74,25,0.98,0.93,0.91,NO,
MN-C-0081,Indra Utami,Medan,EMP-3018,,moodle-7080,Field Sales Representative,Digital Account Executive,2014-04-29,crm usage|negotiation|product knowledge,inferred_from_role_taxonomy,negotiation|crm usage|product knowledge,"{""2022"": 3.7, ""2023"": 2.4, ""2024"": 3.6, ""2025"": 4.3}",80,0.48,0.6,47,67,0.76,0.68,0.8,YES,identity ambiguity
MN-C-0082,Gita Lestari D,Medan,EMP-3019,,moodle-7081,Field Sales Representative,Digital Account Executive,2012-12-09,communication|crm usage|negotiation|product knowledge|territory planning,observed_and_normalized,,"{""2022"": 2.7, ""2023"": 4.2, ""2024"": 3.8, ""2025"": 3.8}",71,0.48,0.6,48,55,0.9,0.93,0.93,NO,
MN-C-0083,Dimas Ramadhan E,Semarang,EMP-3020,candidate_1000,moodle-7082,Delivery Driver,Fleet Control Coordinator,2023-08-24,customer service|delivery documentation|vehicle safety,inferred_from_role_taxonomy,delivery documentation|vehicle safety|customer service,"{""2022"": 2.0, ""2023"": 3.3, ""2024"": 3.6, ""2025"": 2.4}",78,0.38,1.0,54,51,0.98,0.68,0.87,NO,
MN-C-0084,Lina Hidayat,Manado,EMP-3021,candidate_1001,moodle-7083,Branch Administrator,Process Excellence Associate,2019-11-28,data entry|excel|reporting,inferred_from_role_taxonomy,data entry|reporting|excel,"{""2022"": 3.4, ""2023"": 3.5, ""2024"": 3.1, ""2025"": 3.5}",65,0.76,1.0,76,26,0.98,0.68,0.9,NO,
MN-C-0085,Ayu Setiawan,Balikpapan,EMP-3022,candidate_1002,moodle-7084,Field Sales Representative,Digital Account Executive,2020-04-26,customer relationship|negotiation|territory planning,inferred_from_role_taxonomy,customer relationship|territory planning|negotiation,"{""2022"": 2.9, ""2023"": 3.4, ""2024"": 3.7, ""2025"": 2.7}",82,0.48,0.8,53,64,0.98,0.68,0.87,NO,
MN-C-0086,Fitri Nugroho,Yogyakarta,EMP-3023,candidate_1003,moodle-7085,Branch Administrator,Process Excellence Associate,2018-05-28,data entry|excel|reporting,inferred_from_role_taxonomy,excel|data entry|reporting,"{""2022"": 4.1, ""2023"": 3.8, ""2024"": 3.2, ""2025"": 3.5}",90,0.76,1.0,73,29,0.98,0.68,0.9,NO,
MN-C-0087,Nisa Nugroho,Semarang,EMP-3024,candidate_1004,moodle-7086,Delivery Driver,Fleet Control Coordinator,2023-05-30,customer service|route planning,observed_and_normalized,,"{""2022"": 2.6, ""2023"": 2.8, ""2024"": 4.0, ""2025"": 4.2}",90,0.38,0.8,46,47,0.9,0.93,0.91,NO,
MN-C-0088,Intan Nugroho J,Denpasar,EMP-3025,candidate_1005,moodle-7087,Procurement Analyst,Strategic Sourcing Analyst,2021-03-19,contract basics|erp|negotiation|spend analysis|supplier analysis,observed_and_normalized,,"{""2022"": 2.6, ""2023"": 4.4, ""2024"": 4.0, ""2025"": 4.8}",75,0.34,0.2,28,86,0.98,0.93,0.94,NO,
MN-C-0089,Dewi Santoso,Semarang,EMP-3026,candidate_1006,moodle-7088,Field Sales Representative,Key Account Specialist,2017-01-21,customer relationship|negotiation|product knowledge,inferred_from_role_taxonomy,product knowledge|negotiation|customer relationship,"{""2022"": 3.2, ""2023"": 3.1, ""2024"": 3.2, ""2025"": 3.0}",68,0.48,0.4,42,49,0.98,0.68,0.9,NO,
MN-C-0090,Farhan Setiawan L,Yogyakarta,EMP-3027,candidate_1007,moodle-7089,Warehouse Operator,Warehouse Automation Technician,2012-12-03,inventory handling|quality checks,observed_and_normalized,,"{""2022"": 3.3, ""2023"": 3.8, ""2024"": 4.6, ""2025"": 3.6}",66,0.72,1.0,74,28,0.98,0.93,0.96,NO,
MN-C-0091,Zaki Maharani,Balikpapan,EMP-3028,candidate_1008,moodle-7090,Warehouse Operator,Inventory Control Analyst,2013-08-20,barcode scanning|warehouse systems,observed_and_normalized,,"{""2022"": 2.9, ""2023"": 4.1, ""2024"": 4.3, ""2025"": 3.0}",82,0.72,0.8,66,42,0.98,0.93,0.96,NO,
MN-C-0092,Nadia Permata N,Medan,EMP-3029,candidate_1009,moodle-7091,Field Sales Representative,Key Account Specialist,2022-06-18,data literacy|negotiation|product knowledge,observed_and_normalized,,"{""2023"": 3.8, ""2024"": 2.9, ""2025"": 3.9}",46,0.48,0.6,51,48,0.98,0.93,0.91,NO,
MN-C-0093,Eka Utami,Denpasar,EMP-3030,candidate_1010,moodle-7092,Field Sales Representative,Digital Account Executive,2022-06-21,negotiation|product knowledge|territory planning,inferred_from_role_taxonomy,negotiation|product knowledge|territory planning,"{""2022"": 3.5, ""2024"": 3.9, ""2025"": 3.0}",61,0.48,0.8,55,61,0.98,0.68,0.87,NO,
MN-C-0094,Bella Saputra P,Bandung,EMP-3031,candidate_1011,moodle-7093,Branch Administrator,Process Excellence Associate,2020-03-15,customer service|data entry|excel,inferred_from_role_taxonomy,customer service|excel|data entry,"{""2022"": 2.8, ""2023"": 3.8, ""2024"": 2.7, ""2025"": 2.8}",82,0.76,1.0,74,27,0.98,0.68,0.9,NO,
MN-C-0095,Putra Hidayat,Medan,EMP-3032,candidate_1012,moodle-7094,Procurement Analyst,Supplier Risk Analyst,2025-07-06,contract basics|erp|negotiation|spend analysis|supplier analysis,observed_and_normalized,,"{""2022"": 3.7, ""2023"": 4.1, ""2024"": 4.4, ""2025"": 3.1}",83,0.34,0.6,39,53,0.9,0.93,0.91,NO,
MN-C-0096,Andi Santoso,Denpasar,EMP-3033,,moodle-7095,Delivery Driver,Fleet Control Coordinator,2023-06-07,delivery documentation|route planning|vehicle safety,inferred_from_role_taxonomy,vehicle safety|route planning|delivery documentation,"{""2022"": 2.6, ""2023"": 1.8, ""2024"": 3.2}",54,0.38,0.8,50,34,0.9,0.68,0.84,NO,
MN-C-0097,Sari Utami,Yogyakarta,EMP-3034,candidate_1014,moodle-7096,Sales Supervisor,Commercial Excellence Manager,2024-12-14,coaching|crm usage|performance management,observed_and_normalized,,"{""2022"": 3.4, ""2023"": 2.8, ""2024"": 2.5, ""2025"": 2.9}",60,0.25,0.6,37,46,0.98,0.93,0.94,NO,
MN-C-0098,Eka Kusuma,Yogyakarta,EMP-3035,candidate_1015,moodle-7097,Branch Administrator,Process Excellence Associate,2022-07-30,data entry|excel|reporting,inferred_from_role_taxonomy,excel|data entry|reporting,"{""2022"": 3.6, ""2023"": 2.2, ""2024"": 4.4, ""2025"": 2.5}",67,0.76,1.0,76,21,0.98,0.68,0.87,NO,
MN-C-0099,Taufik Maharani U,Bandung,EMP-3036,candidate_1016,moodle-7098,Customer Service Officer,Customer Experience Specialist,2025-09-06,case handling|communication|crm usage|problem solving|product knowledge,observed_and_normalized,,"{""2022"": 3.5, ""2023"": 2.4, ""2024"": 2.6, ""2025"": 3.5}",70,0.66,0.2,46,74,0.98,0.93,0.96,NO,
MN-C-0100,Putra Kusuma,Palembang,EMP-3037,candidate_1017,moodle-7099,IT Support Specialist,Cloud Support Analyst,2019-09-28,documentation|endpoint support|ticket resolution,inferred_from_role_taxonomy,ticket resolution|endpoint support|documentation,"{""2023"": 2.8, ""2024"": 3.3, ""2025"": 2.9}",70,0.22,0.6,34,37,0.98,0.68,0.85,NO,
MN-C-0101,Citra Setiawan,Medan,EMP-3038,,moodle-7100,Procurement Analyst,Strategic Sourcing Analyst,2017-06-09,contract basics|negotiation,observed_and_normalized,,"{""2023"": 4.1, ""2024"": 4.2}",84,0.34,0.8,45,44,0.9,0.93,0.86,NO,
MN-C-0102,Nisa Wijaya,Balikpapan,EMP-3039,,moodle-7101,Warehouse Operator,Inventory Control Analyst,2022-09-16,barcode scanning|quality checks|safety compliance,observed_and_normalized,,"{""2022"": 4.0, ""2023"": 3.8, ""2024"": 4.6, ""2025"": 2.8}",78,0.72,1.0,72,26,0.9,0.93,0.91,NO,
MN-C-0103,Andi Kusuma,Makassar,EMP-3040,,moodle-7102,Customer Service Officer,Customer Experience Specialist,2018-06-29,case handling|communication|product knowledge,inferred_from_role_taxonomy,product knowledge|communication|case handling,"{""2023"": 3.1, ""2024"": 4.1, ""2025"": 3.3}",94,0.66,0.6,55,44,0.9,0.68,0.82,NO,
MN-C-0104,Eka Utami Z,Makassar,EMP-3041,candidate_1021,moodle-7103,Field Sales Representative,Key Account Specialist,2022-04-17,crm usage|customer relationship|product knowledge,inferred_from_role_taxonomy,crm usage|product knowledge|customer relationship,"{""2022"": 2.9, ""2023"": 3.9, ""2024"": 4.4, ""2025"": 3.1}",72,0.48,0.6,48,53,0.9,0.68,0.87,NO,
MN-C-0105,Dimas Wijaya,Medan,EMP-3042,candidate_1022,moodle-7104,Branch Administrator,Process Excellence Associate,2012-02-25,customer service|document control|excel|reporting,observed_and_normalized,,"{""2022"": 3.3, ""2023"": 3.3, ""2024"": 3.6, ""2025"": 3.5}",60,0.76,1.0,77,25,0.98,0.93,0.94,NO,
MN-C-0106,Vina Utami,Surabaya,EMP-3043,candidate_1023,moodle-7105,Warehouse Operator,Inventory Control Analyst,2018-08-13,barcode scanning|inventory handling|quality checks|safety compliance,observed_and_normalized,,"{""2022"": 3.8, ""2023"": 2.7, ""2024"": 4.0, ""2025"": 3.7}",51,0.72,1.0,75,23,0.98,0.93,0.96,NO,
MN-C-0107,Taufik Utami,Surabaya,EMP-3044,candidate_1024,moodle-7106,Delivery Driver,Fleet Control Coordinator,2023-10-14,customer service|delivery documentation|reporting|route planning,observed_and_normalized,,"{""2022"": 3.6, ""2023"": 4.1, ""2024"": 2.5, ""2025"": 3.7}",46,0.38,0.6,45,47,0.98,0.93,0.96,NO,
MN-C-0108,Ayu Ramadhan,Palembang,EMP-3045,candidate_1025,moodle-7107,Field Sales Representative,Digital Account Executive,2022-03-31,crm usage|negotiation,observed_and_normalized,,"{""2022"": 3.4, ""2024"": 3.8}",72,0.48,0.8,54,41,0.98,0.93,0.91,NO,
MN-C-0109,Vina Saputra,Jakarta,EMP-3046,candidate_1026,moodle-7108,Branch Administrator,Operations Data Coordinator,2013-07-19,customer service|data entry|document control|excel|reporting,observed_and_normalized,,"{""2022"": 3.0, ""2023"": 2.8, ""2024"": 4.3, ""2025"": 2.4}",65,0.76,0.6,64,47,0.98,0.93,0.94,NO,
MN-C-0110,Sari Kurniawan F,Makassar,EMP-3047,candidate_1027,moodle-7109,Warehouse Operator,Warehouse Automation Technician,2024-01-19,barcode scanning|inventory handling|quality checks|safety compliance|warehouse systems,observed_and_normalized,,"{""2022"": 2.5, ""2023"": 3.2, ""2024"": 2.7, ""2025"": 3.0}",74,0.72,0.6,61,51,0.98,0.93,0.96,NO,
MN-C-0111,Farhan Nugroho G,Jakarta,EMP-3048,candidate_1028,moodle-7110,Procurement Analyst,Supplier Risk Analyst,2021-05-27,contract basics|erp|spend analysis,inferred_from_role_taxonomy,erp|contract basics|spend analysis,"{""2023"": 3.3, ""2024"": 3.2, ""2025"": 3.4}",80,0.34,0.8,45,53,0.9,0.68,0.82,NO,
MN-C-0112,Ayu Wijaya,Bandung,EMP-3049,candidate_1029,moodle-7111,Branch Administrator,Operations Data Coordinator,2017-04-02,customer service|document control|reporting,inferred_from_role_taxonomy,reporting|customer service|document control,"{""2022"": 2.7, ""2023"": 3.3, ""2024"": 2.5, ""2025"": 2.8}",65,0.76,0.8,70,48,0.98,0.68,0.9,NO,
MN-C-0113,Indra Maharani,Denpasar,EMP-3050,candidate_1030,moodle-7112,Delivery Driver,Route Optimization Dispatcher,2019-02-24,delivery documentation|route planning|vehicle safety,inferred_from_role_taxonomy,route planning|delivery documentation|vehicle safety,"{""2022"": 2.6, ""2023"": 3.7, ""2024"": 2.9, ""2025"": 4.0}",64,0.38,1.0,55,41,0.98,0.68,0.9,NO,
MN-C-0114,Putra Permata,Medan,EMP-3051,candidate_1031,moodle-7113,Field Sales Representative,Key Account Specialist,2017-09-19,crm usage|customer relationship|territory planning,inferred_from_role_taxonomy,crm usage|customer relationship|territory planning,"{""2023"": 3.5, ""2024"": 3.8, ""2025"": 3.6}",66,0.48,0.8,54,52,0.98,0.68,0.85,NO,
MN-C-0115,Wahyu Maharani K,Balikpapan,EMP-3052,candidate_1032,moodle-7114,Branch Administrator,Process Excellence Associate,2016-09-07,customer service|document control|reporting,inferred_from_role_taxonomy,customer service|reporting|document control,"{""2023"": 2.9, ""2024"": 3.4, ""2025"": 4.0}",64,0.76,1.0,76,29,0.98,0.68,0.87,NO,
MN-C-0116,Intan Ramadhan,Semarang,EMP-3053,candidate_1033,moodle-7115,Branch Administrator,Process Excellence Associate,2018-12-01,data entry|document control|reporting,inferred_from_role_taxonomy,reporting|data entry|document control,"{""2022"": 3.4, ""2023"": 2.8, ""2024"": 4.5, ""2025"": 3.7}",87,0.76,1.0,73,31,0.98,0.68,0.87,NO,
MN-C-0117,Wahyu Kusuma,Medan,EMP-3054,candidate_1034,,Warehouse Operator,Warehouse Automation Technician,2019-05-26,barcode scanning|quality checks|warehouse systems,observed_and_normalized,,"{""2022"": 3.4, ""2023"": 3.4, ""2024"": 2.6, ""2025"": 2.4}",77,0.72,0.8,66,35,0.9,0.93,0.93,NO,
MN-C-0118,Dewi Nugroho,Makassar,EMP-3055,candidate_1035,moodle-7117,Branch Administrator,Operations Data Coordinator,2024-02-28,data entry|reporting,observed_and_normalized,,"{""2023"": 3.4, ""2024"": 3.4, ""2025"": 3.7}",75,0.76,0.8,69,41,0.98,0.93,0.91,NO,
MN-C-0119,Lina Hidayat O,Pontianak,EMP-3056,candidate_1036,moodle-7118,Field Sales Representative,Digital Account Executive,2025-10-29,customer relationship|negotiation|territory planning,inferred_from_role_taxonomy,customer relationship|territory planning|negotiation,"{""2022"": 3.5, ""2023"": 3.3, ""2024"": 3.8}",47,0.48,0.8,57,61,0.98,0.68,0.85,NO,
MN-C-0120,Dewi Lestari,Denpasar,EMP-3057,candidate_1037,moodle-7119,Field Sales Representative,Digital Account Executive,2017-08-29,customer relationship|negotiation|product knowledge|territory planning,observed_and_normalized,,"{""2022"": 3.4, ""2023"": 4.3, ""2024"": 5, ""2025"": 4.3}",84,0.48,0.6,46,60,0.98,0.93,0.94,NO,
MN-C-0121,Maya Pratama,Manado,EMP-3058,candidate_1038,moodle-7120,Delivery Driver,Fleet Control Coordinator,2015-11-04,customer service|vehicle safety,observed_and_normalized,,"{""2022"": 3.5, ""2023"": 4.6, ""2024"": 3.1, ""2025"": 4.1}",61,0.38,1.0,56,28,0.98,0.93,0.96,NO,
MN-C-0122,Fitri Pratama,Pontianak,EMP-3059,,moodle-7121,IT Support Specialist,Cloud Support Analyst,2018-04-15,endpoint support|excel|network basics,observed_and_normalized,,"{""2022"": 3.4, ""2023"": 2.4, ""2025"": 3.4}",95,0.22,1.0,43,29,0.9,0.93,0.91,NO,
MN-C-0123,Farhan Permata,Manado,EMP-3060,candidate_1040,moodle-7122,Warehouse Operator,Warehouse Automation Technician,2015-02-20,analytics|quality checks|safety compliance,observed_and_normalized,,"{""2022"": 4.1, ""2023"": 3.7, ""2024"": 3.9, ""2025"": 3.2}",75,0.72,0.8,67,38,0.98,0.93,0.96,NO,
MN-C-0124,Putra Kusuma T,Pontianak,EMP-3061,candidate_1041,moodle-7123,Branch Administrator,Operations Data Coordinator,2025-02-20,analytics|customer service|data entry|document control|excel|reporting,observed_and_normalized,,"{""2022"": 2.7, ""2023"": 3.3}",62,0.76,0.6,64,50,0.98,0.93,0.91,NO,
MN-C-0125,Indra Utami U,Makassar,EMP-3062,,moodle-7124,Warehouse Operator,Warehouse Automation Technician,2013-12-16,inventory handling|safety compliance|warehouse systems,inferred_from_role_taxonomy,warehouse systems|safety compliance|inventory handling,"{""2022"": 3.9, ""2024"": 3.4, ""2025"": 3.0}",79,0.72,0.6,60,50,0.9,0.68,0.82,NO,
MN-C-0126,Budi Nugroho,Medan,EMP-3063,candidate_1043,moodle-7125,IT Support Specialist,Cloud Support Analyst,2024-10-29,automation basics|cyber hygiene|network basics|ticket resolution,observed_and_normalized,,"{""2022"": 4.0, ""2023"": 3.6, ""2024"": 3.8, ""2025"": 3.6}",61,0.22,0.6,35,50,0.98,0.93,0.96,NO,
MN-C-0127,Citra Wijaya,Palembang,EMP-3064,candidate_1044,moodle-7126,Warehouse Operator,Warehouse Automation Technician,2019-06-14,barcode scanning|inventory handling|quality checks|reporting|safety compliance|warehouse systems,observed_and_normalized,,"{""2022"": 2.8, ""2023"": 2.7, ""2024"": 4.8, ""2025"": 3.1}",59,0.72,0.6,63,50,0.98,0.93,0.96,NO,
MN-C-0128,Fajar Hidayat,Palembang,EMP-3065,candidate_1045,moodle-7127,Warehouse Operator,Inventory Control Analyst,2020-03-09,barcode scanning|quality checks|safety compliance,inferred_from_role_taxonomy,quality checks|safety compliance|barcode scanning,"{""2022"": 3.0, ""2023"": 2.6, ""2024"": 3.2, ""2025"": 2.7}",64,0.72,1.0,74,22,0.98,0.68,0.87,NO,
MN-C-0129,Joko Maharani,Pontianak,EMP-3066,candidate_1046,moodle-7128,Branch Administrator,Operations Data Coordinator,2018-10-16,document control|excel|reporting,observed_and_normalized,,"{""2022"": 2.3, ""2023"": 2.7, ""2024"": 2.9, ""2025"": 3.8}",63,0.76,0.6,64,52,0.98,0.93,0.94,NO,
MN-C-0130,Indra Nugroho,Denpasar,EMP-3067,,moodle-7129,IT Support Specialist,Cloud Support Analyst,2025-04-26,network basics|ticket resolution,observed_and_normalized,,"{""2022"": 3.2, ""2023"": 3.2, ""2024"": 2.5, ""2025"": 4.0}",70,0.22,0.8,40,40,0.76,0.93,0.88,YES,identity ambiguity
MN-C-0131,Nadia Nugroho,Yogyakarta,EMP-3068,candidate_1048,moodle-7130,Branch Administrator,Process Excellence Associate,2024-11-25,customer service|document control|reporting,inferred_from_role_taxonomy,customer service|document control|reporting,"{""2022"": 3.4, ""2023"": 4.6, ""2024"": 5, ""2025"": 3.6}",70,0.76,1.0,75,30,0.98,0.68,0.87,NO,
MN-C-0132,Wahyu Wijaya,Semarang,EMP-3069,candidate_1049,moodle-7131,Warehouse Operator,Inventory Control Analyst,2022-03-19,barcode scanning|quality checks|warehouse systems,observed_and_normalized,,"{""2022"": 3.2, ""2023"": 2.8, ""2024"": 4.3, ""2025"": 4.1}",69,0.72,0.8,67,42,0.98,0.93,0.94,NO,
MN-C-0133,Fajar Permata,Makassar,EMP-3070,candidate_1050,moodle-7132,Field Sales Representative,Key Account Specialist,2019-06-04,crm usage|customer relationship|negotiation|product knowledge|territory planning,observed_and_normalized,,"{""2022"": 3.0, ""2024"": 3.6, ""2025"": 4.1}",70,0.48,0.4,42,67,0.9,0.93,0.88,NO,
MN-C-0134,Zaki Utami,Surabaya,EMP-3071,candidate_1051,moodle-7133,Field Sales Representative,Key Account Specialist,2024-01-16,customer relationship|negotiation|territory planning,inferred_from_role_taxonomy,customer relationship|territory planning|negotiation,"{""2022"": 2.9, ""2023"": 2.5, ""2024"": 3.2, ""2025"": 2.9}",66,0.48,0.6,48,48,0.98,0.68,0.87,NO,
MN-C-0135,Rizky Wijaya,Manado,EMP-3072,,moodle-7134,Customer Service Officer,Customer Experience Specialist,2018-09-02,automation basics|communication|product knowledge,observed_and_normalized,,"{""2023"": 3.7, ""2024"": 3.8, ""2025"": 2.7}",78,0.66,0.8,63,37,0.9,0.93,0.91,NO,
MN-C-0136,Nisa Maharani,Makassar,EMP-3073,candidate_1053,moodle-7135,Sales Supervisor,Digital Sales Coach,2024-06-11,analytics|coaching|performance management|territory planning,observed_and_normalized,,"{""2022"": 4.4, ""2023"": 2.2, ""2024"": 2.8, ""2025"": 3.9}",60,0.25,0.6,37,47,0.98,0.93,0.96,NO,
MN-C-0137,Lina Ramadhan,Yogyakarta,EMP-3074,,moodle-7136,Field Sales Representative,Key Account Specialist,2012-09-09,automation basics|customer relationship|product knowledge|territory planning,observed_and_normalized,,"{""2022"": 3.7, ""2023"": 3.3, ""2024"": 2.3}",88,0.48,0.6,46,49,0.9,0.93,0.91,NO,
MN-C-0138,Indra Permata H,Jakarta,EMP-3075,candidate_1055,moodle-7137,Customer Service Officer,Digital Service Analyst,2021-11-24,case handling|crm usage|product knowledge,observed_and_normalized,,"{""2022"": 4.1, ""2023"": 4.0, ""2024"": 3.3, ""2025"": 1.5}",86,0.66,0.8,62,33,0.98,0.93,0.96,NO,
MN-C-0139,Fajar Lestari,Yogyakarta,EMP-3076,candidate_1056,moodle-7138,Customer Service Officer,Customer Experience Specialist,2019-11-12,case handling|communication|product knowledge,inferred_from_role_taxonomy,product knowledge|case handling|communication,"{""2022"": 3.0, ""2023"": 3.1, ""2024"": 2.0, ""2025"": 2.7}",90,0.66,0.6,56,76,0.98,0.68,0.87,NO,
MN-C-0140,Yani Utami,Jakarta,EMP-3077,candidate_1057,moodle-7139,Warehouse Operator,Inventory Control Analyst,2018-03-21,barcode scanning|inventory handling|quality checks,observed_and_normalized,,"{""2022"": 2.7, ""2023"": 3.0, ""2024"": 2.7, ""2025"": 2.8}",79,0.72,1.0,72,26,0.98,0.93,0.94,NO,
MN-C-0141,Farhan Utami K,Denpasar,EMP-3078,candidate_1058,moodle-7140,Field Sales Representative,Digital Account Executive,2018-03-29,crm usage|customer relationship|negotiation|territory planning,observed_and_normalized,,"{""2022"": 4.7, ""2023"": 4.3, ""2024"": 4.0, ""2025"": 2.5}",94,0.48,0.6,45,51,0.98,0.93,0.94,NO,
MN-C-0142,Hadi Kurniawan,Denpasar,EMP-3079,candidate_1059,moodle-7141,Warehouse Operator,Inventory Control Analyst,2024-12-17,inventory handling|quality checks|warehouse systems,inferred_from_role_taxonomy,quality checks|warehouse systems|inventory handling,"{""2022"": 3.1, ""2024"": 3.4, ""2025"": 3.3}",79,0.72,0.8,66,40,0.98,0.68,0.87,NO,
MN-C-0143,Joko Lestari M,Makassar,EMP-3080,candidate_1060,moodle-7142,Sales Supervisor,Commercial Excellence Manager,2018-10-08,coaching|crm usage|territory planning,observed_and_normalized,,"{""2023"": 3.9, ""2024"": 4.2, ""2025"": 3.6}",72,0.25,0.6,35,52,0.98,0.93,0.91,NO,
MN-C-0144,Citra Pratama,Surabaya,EMP-3081,candidate_1061,moodle-7143,Field Sales Representative,Digital Account Executive,2014-12-23,automation basics|crm usage|customer relationship|negotiation,observed_and_normalized,,"{""2022"": 2.7, ""2023"": 3.1, ""2025"": 3.5}",71,0.48,0.6,48,52,0.98,0.93,0.93,NO,
MN-C-0145,Farhan Santoso,Makassar,EMP-3082,candidate_1062,moodle-7144,Field Sales Representative,Key Account Specialist,2015-03-16,crm usage|customer relationship,observed_and_normalized,,"{""2022"": 3.1, ""2023"": 3.6, ""2024"": 4.4, ""2025"": 2.9}",75,0.48,0.8,53,39,0.98,0.93,0.94,NO,
MN-C-0146,Dewi Utami P,Manado,EMP-3083,candidate_1063,moodle-7145,Field Sales Representative,Digital Account Executive,2020-08-11,crm usage|customer relationship|product knowledge,inferred_from_role_taxonomy,crm usage|customer relationship|product knowledge,"{""2022"": 2.6, ""2023"": 2.8, ""2024"": 4.5, ""2025"": 3.6}",77,0.48,0.4,41,80,0.98,0.68,0.87,NO,
MN-C-0147,Intan Santoso,Medan,EMP-3084,candidate_1064,moodle-7146,Delivery Driver,Route Optimization Dispatcher,2023-02-06,customer service|route planning|vehicle safety,observed_and_normalized,,"{""2023"": 4.2, ""2025"": 3.1}",83,0.38,0.8,47,39,0.98,0.93,0.91,NO,
MN-C-0148,Joko Hidayat,Makassar,EMP-3085,candidate_1065,moodle-7147,Branch Administrator,Operations Data Coordinator,2022-07-25,data entry|excel|reporting,observed_and_normalized,,"{""2024"": 2.5, ""2025"": 3.3}",56,0.76,0.6,65,49,0.98,0.93,0.91,NO,
MN-C-0149,Putra Permata S,Bandung,EMP-3086,candidate_1066,moodle-7148,Delivery Driver,Route Optimization Dispatcher,2013-11-15,delivery documentation|route planning|vehicle safety,inferred_from_role_taxonomy,route planning|delivery documentation|vehicle safety,"{""2022"": 3.8, ""2023"": 2.4, ""2024"": 2.8, ""2025"": 3.1}",84,0.38,1.0,53,38,0.98,0.68,0.9,NO,
MN-C-0150,Fajar Pratama,Palembang,EMP-3087,candidate_1067,moodle-7149,Field Sales Representative,Key Account Specialist,2014-08-08,crm usage|customer relationship|product knowledge,inferred_from_role_taxonomy,product knowledge|customer relationship|crm usage,"{""2022"": 4.1, ""2023"": 4.7, ""2024"": 3.3, ""2025"": 3.0}",74,0.48,0.6,48,62,0.98,0.68,0.9,NO,
MN-C-0151,Yani Siregar,Palembang,EMP-3088,candidate_1068,moodle-7150,Field Sales Representative,Digital Account Executive,2018-02-06,customer relationship|product knowledge,observed_and_normalized,,"{""2022"": 2.9, ""2024"": 3.5, ""2025"": 3.7}",86,0.48,0.6,46,56,0.98,0.93,0.93,NO,
MN-C-0152,Wahyu Permata V,Jakarta,EMP-3089,candidate_1069,moodle-7151,Field Sales Representative,Digital Account Executive,2017-06-26,crm usage|negotiation|territory planning,inferred_from_role_taxonomy,crm usage|negotiation|territory planning,"{""2022"": 2.8, ""2023"": 3.8, ""2024"": 2.7, ""2025"": 2.9}",77,0.48,0.8,53,39,0.98,0.68,0.87,NO,
MN-C-0153,Wahyu Hidayat W,Surabaya,EMP-3090,candidate_1070,,Warehouse Operator,Warehouse Automation Technician,2024-10-26,barcode scanning|inventory handling|safety compliance,inferred_from_role_taxonomy,barcode scanning|safety compliance|inventory handling,"{""2022"": 3.6, ""2023"": 3.3, ""2024"": 3.7, ""2025"": 2.9}",80,0.72,0.8,66,51,0.9,0.68,0.85,NO,
MN-C-0154,Gita Nugroho,Balikpapan,EMP-3091,candidate_1071,moodle-7153,Delivery Driver,Route Optimization Dispatcher,2020-04-04,analytics|customer service|delivery documentation|route planning|vehicle safety,observed_and_normalized,,"{""2023"": 3.4, ""2024"": 3.3, ""2025"": 3.3}",73,0.38,0.6,42,51,0.98,0.93,0.91,NO,
MN-C-0155,Gita Saputra,Medan,EMP-3092,candidate_1072,moodle-7154,Field Sales Representative,Key Account Specialist,2021-06-01,crm usage|product knowledge|territory planning,inferred_from_role_taxonomy,product knowledge|crm usage|territory planning,"{""2022"": 2.7, ""2023"": 3.2, ""2024"": 2.8}",77,0.48,0.8,53,63,0.98,0.68,0.87,NO,
MN-C-0156,Budi Setiawan,Palembang,EMP-3093,candidate_1073,moodle-7155,Branch Administrator,Operations Data Coordinator,2014-12-06,data entry|excel|reporting,inferred_from_role_taxonomy,reporting|excel|data entry,"{""2022"": 3.5, ""2023"": 3.0, ""2024"": 4.0, ""2025"": 4.0}",88,0.76,0.6,61,57,0.98,0.68,0.87,NO,
MN-C-0157,Citra Wijaya A,Semarang,EMP-3094,candidate_1074,,Branch Administrator,Operations Data Coordinator,2021-02-12,excel|reporting,observed_and_normalized,,"{""2022"": 3.2, ""2024"": 3.8, ""2025"": 3.8}",56,0.76,0.6,65,51,0.76,0.93,0.83,YES,identity ambiguity
MN-C-0158,Andi Kurniawan,Surabaya,EMP-3095,candidate_1075,moodle-7157,Warehouse Operator,Warehouse Automation Technician,2017-07-26,barcode scanning|excel|inventory handling|safety compliance|warehouse systems,observed_and_normalized,,"{""2023"": 2.4, ""2024"": 3.7, ""2025"": 3.5}",66,0.72,0.6,62,53,0.98,0.93,0.93,NO,
MN-C-0159,Andi Utami,Makassar,EMP-3096,candidate_1076,moodle-7158,Sales Supervisor,Commercial Excellence Manager,2016-06-11,coaching|crm usage|data literacy|forecasting|performance management|territory planning,observed_and_normalized,,"{""2022"": 2.7, ""2024"": 2.5, ""2025"": 4.4}",92,0.25,0.4,27,72,0.98,0.93,0.93,NO,
MN-C-0160,Nisa Setiawan D,Manado,EMP-3097,candidate_1077,,Branch Administrator,Operations Data Coordinator,2020-11-09,customer service|data entry|document control|excel|reporting,observed_and_normalized,,"{""2022"": 3.2, ""2023"": 4.0, ""2024"": 2.7, ""2025"": 2.7}",82,0.76,0.6,62,51,0.9,0.93,0.93,NO,
MN-C-0161,Intan Wijaya,Pontianak,EMP-3098,candidate_1078,moodle-7160,Warehouse Operator,Warehouse Automation Technician,2023-10-17,barcode scanning|quality checks|warehouse systems,inferred_from_role_taxonomy,warehouse systems|quality checks|barcode scanning,"{""2022"": 2.9, ""2023"": 2.0, ""2024"": 3.5, ""2025"": 3.6}",82,0.72,0.8,66,29,0.9,0.68,0.87,NO,
MN-C-0162,Farhan Utami F,Jakarta,EMP-3099,candidate_1079,moodle-7161,Procurement Analyst,Strategic Sourcing Analyst,2022-07-31,contract basics|excel|negotiation|spend analysis|supplier analysis,observed_and_normalized,,"{""2022"": 3.9, ""2024"": 2.1, ""2025"": 4.0}",54,0.34,0.4,36,61,0.98,0.93,0.91,NO,
MN-C-0163,Andi Kurniawan G,Medan,EMP-3100,candidate_1080,moodle-7162,Field Sales Representative,Digital Account Executive,2025-04-15,crm usage|customer relationship|product knowledge|territory planning,observed_and_normalized,,"{""2022"": 3.0, ""2023"": 3.2, ""2024"": 2.8, ""2025"": 3.4}",79,0.48,0.4,41,65,0.98,0.93,0.96,NO,
MN-C-0164,Nadia Ramadhan,Yogyakarta,EMP-3101,candidate_1081,moodle-7163,Field Sales Representative,Digital Account Executive,2016-07-08,excel|negotiation|product knowledge|territory planning,observed_and_normalized,,"{""2022"": 3.6, ""2023"": 3.5, ""2024"": 2.2, ""2025"": 2.3}",92,0.48,0.8,51,37,0.98,0.93,0.96,NO,
MN-C-0165,Citra Hidayat,Makassar,EMP-3102,candidate_1082,moodle-7164,Warehouse Operator,Warehouse Automation Technician,2015-07-14,quality checks|safety compliance|warehouse systems,inferred_from_role_taxonomy,quality checks|warehouse systems|safety compliance,"{""2022"": 2.6, ""2023"": 4.0, ""2024"": 4.3, ""2025"": 3.4}",84,0.72,0.6,60,57,0.98,0.68,0.9,NO,
MN-C-0166,Dimas Setiawan,Yogyakarta,EMP-3103,candidate_1083,moodle-7165,Warehouse Operator,Warehouse Automation Technician,2016-12-14,barcode scanning|inventory handling|quality checks,inferred_from_role_taxonomy,quality checks|barcode scanning|inventory handling,"{""2022"": 2.5, ""2023"": 4.0, ""2025"": 4.5}",56,0.72,1.0,75,43,0.98,0.68,0.85,NO,
MN-C-0167,Fitri Lestari K,Surabaya,EMP-3104,,moodle-7166,Field Sales Representative,Digital Account Executive,2019-11-11,crm usage|customer relationship|negotiation|territory planning,observed_and_normalized,,"{""2022"": 2.4, ""2023"": 2.3, ""2024"": 4.0, ""2025"": 3.9}",53,0.48,0.6,50,51,0.9,0.93,0.91,NO,
MN-C-0168,Yani Maharani,Balikpapan,EMP-3105,candidate_1085,moodle-7167,Field Sales Representative,Key Account Specialist,2013-08-26,customer relationship|data literacy|product knowledge,observed_and_normalized,,"{""2023"": 2.6, ""2024"": 4.1, ""2025"": 4.0}",81,0.48,0.6,47,58,0.98,0.93,0.91,NO,
MN-C-0169,Maya Nugroho,Pontianak,EMP-3106,candidate_1086,moodle-7168,Field Sales Representative,Digital Account Executive,2015-09-13,crm usage|product knowledge|territory planning,inferred_from_role_taxonomy,crm usage|territory planning|product knowledge,"{""2022"": 2.0, ""2023"": 2.9, ""2024"": 3.3, ""2025"": 3.6}",59,0.48,0.6,49,64,0.98,0.68,0.87,NO,
MN-C-0170,Adi Kusuma,Pontianak,EMP-3107,candidate_1087,moodle-7169,Field Sales Representative,Digital Account Executive,2025-06-17,crm usage|customer relationship|negotiation|product knowledge|territory planning,observed_and_normalized,,"{""2022"": 3.1, ""2023"": 4.2, ""2024"": 4.1, ""2025"": 3.3}",89,0.48,0.4,40,69,0.98,0.93,0.96,NO,
MN-C-0171,Indra Siregar,Makassar,EMP-3108,candidate_1088,moodle-7170,Warehouse Operator,Warehouse Automation Technician,2021-12-30,safety compliance|warehouse systems,observed_and_normalized,,"{""2022"": 3.3, ""2023"": 3.6, ""2024"": 3.8, ""2025"": 3.6}",88,0.72,0.6,59,56,0.98,0.93,0.94,NO,
MN-C-0172,Andi Kusuma P,Palembang,EMP-3109,candidate_1089,moodle-7171,Customer Service Officer,Customer Experience Specialist,2024-01-04,case handling|communication|crm usage|problem solving|product knowledge,observed_and_normalized,,"{""2022"": 3.2, ""2024"": 2.5, ""2025"": 3.3}",90,0.66,0.2,44,78,0.98,0.93,0.91,NO,
MN-C-0173,Dimas Lestari,Makassar,EMP-3110,,moodle-7172,Customer Service Officer,Digital Service Analyst,2012-12-15,case handling|communication|crm usage|problem solving|product knowledge,observed_and_normalized,,"{""2022"": 4.6, ""2024"": 2.9, ""2025"": 3.7}",48,0.66,0.6,61,46,0.76,0.93,0.86,YES,identity ambiguity
MN-C-0174,Rizky Setiawan,Palembang,EMP-3111,candidate_1091,moodle-7173,Branch Administrator,Operations Data Coordinator,2014-07-10,customer service|data entry|document control|excel|reporting,observed_and_normalized,,"{""2023"": 3.7, ""2024"": 3.0, ""2025"": 3.9}",56,0.76,0.6,65,50,0.98,0.93,0.93,NO,
MN-C-0175,Fitri Kusuma,Yogyakarta,EMP-3112,candidate_1092,moodle-7174,Field Sales Representative,Key Account Specialist,2021-01-03,negotiation|product knowledge,observed_and_normalized,,"{""2023"": 3.4, ""2024"": 3.0, ""2025"": 3.8}",63,0.48,0.6,49,51,0.98,0.93,0.91,NO,
MN-C-0176,Taufik Saputra T,Medan,EMP-3113,candidate_1093,moodle-7175,Sales Supervisor,Digital Sales Coach,2015-01-05,crm usage|forecasting|performance management|territory planning,observed_and_normalized,,"{""2023"": 4.5, ""2024"": 2.8, ""2025"": 3.7}",69,0.25,0.6,35,49,0.98,0.93,0.91,NO,
MN-C-0177,Budi Santoso,Palembang,EMP-3114,,moodle-7176,Procurement Analyst,Strategic Sourcing Analyst,2015-01-16,erp|negotiation|spend analysis,inferred_from_role_taxonomy,erp|negotiation|spend analysis,"{""2022"": 3.5}",67,0.34,0.4,35,38,0.9,0.68,0.79,NO,
MN-C-0178,Lina Permata,Surabaya,EMP-3115,candidate_1095,moodle-7177,Warehouse Operator,Warehouse Automation Technician,2012-09-07,quality checks|safety compliance|warehouse systems,observed_and_normalized,,"{""2022"": 3.7, ""2023"": 2.8, ""2024"": 3.2, ""2025"": 3.5}",67,0.72,0.6,62,49,0.9,0.93,0.93,NO,
MN-C-0179,Ayu Wijaya W,Medan,EMP-3116,candidate_1096,moodle-7178,Customer Service Officer,Customer Experience Specialist,2016-12-18,communication|crm usage|product knowledge,observed_and_normalized,,"{""2023"": 3.4, ""2024"": 3.3, ""2025"": 3.3}",71,0.66,0.6,58,51,0.98,0.93,0.91,NO,
MN-C-0180,Zaki Santoso,Manado,EMP-3117,candidate_1097,moodle-7179,Procurement Analyst,Supplier Risk Analyst,2018-03-05,contract basics|erp|spend analysis,inferred_from_role_taxonomy,erp|spend analysis|contract basics,"{""2022"": 3.6, ""2024"": 2.8, ""2025"": 3.7}",62,0.34,0.8,47,50,0.98,0.68,0.85,NO,
MN-C-0181,Rizky Santoso,Surabaya,EMP-3118,candidate_1098,moodle-7180,Warehouse Operator,Inventory Control Analyst,2022-10-21,quality checks|safety compliance|warehouse systems,inferred_from_role_taxonomy,quality checks|warehouse systems|safety compliance,"{""2022"": 3.3, ""2023"": 4.3, ""2024"": 4.0, ""2025"": 4.2}",79,0.72,0.8,66,33,0.9,0.68,0.87,NO,
MN-C-0182,Taufik Hidayat Z,Manado,EMP-3119,candidate_1099,moodle-7181,Delivery Driver,Fleet Control Coordinator,2012-07-27,customer service|delivery documentation|route planning|vehicle safety,observed_and_normalized,,"{""2022"": 2.3, ""2023"": 4.5, ""2024"": 3.3, ""2025"": 3.0}",56,0.38,0.8,50,38,0.9,0.93,0.93,NO,
MN-C-0183,Taufik Hidayat A,Makassar,EMP-3120,,,Branch Administrator,Process Excellence Associate,2024-07-09,automation basics|data entry|document control|excel,observed_and_normalized,,"{""2022"": 2.1, ""2023"": 2.9, ""2024"": 3.1, ""2025"": 3.0}",81,0.76,0.8,68,41,0.76,0.93,0.86,YES,identity ambiguity
MN-C-0184,Indra Santoso B,Balikpapan,EMP-3121,candidate_1101,moodle-7183,Delivery Driver,Fleet Control Coordinator,2014-08-22,customer service|delivery documentation|route planning,inferred_from_role_taxonomy,route planning|delivery documentation|customer service,"{""2022"": 2.9, ""2024"": 2.7, ""2025"": 3.2}",94,0.38,0.8,46,42,0.98,0.68,0.85,NO,
MN-C-0185,Rina Siregar,Balikpapan,EMP-3122,candidate_1102,moodle-7184,IT Support Specialist,Cybersecurity Operations Associate,2015-03-19,documentation|endpoint support|network basics|ticket resolution,observed_and_normalized,,"{""2022"": 4.9, ""2023"": 3.8, ""2024"": 3.4, ""2025"": 3.4}",58,0.22,0.6,35,46,0.98,0.93,0.96,NO,
MN-C-0186,Budi Wijaya D,Pontianak,EMP-3123,candidate_1103,,Delivery Driver,Fleet Control Coordinator,2021-08-18,delivery documentation|route planning|vehicle safety,inferred_from_role_taxonomy,delivery documentation|vehicle safety|route planning,"{""2022"": 3.3, ""2023"": 3.4, ""2024"": 3.7, ""2025"": 4.2}",72,0.38,0.8,48,43,0.9,0.68,0.85,NO,
MN-C-0187,Dewi Saputra,Yogyakarta,EMP-3124,candidate_1104,moodle-7186,Warehouse Operator,Inventory Control Analyst,2018-11-12,barcode scanning|inventory handling|quality checks,observed_and_normalized,,"{""2022"": 4.3, ""2023"": 2.7, ""2024"": 3.3, ""2025"": 4.1}",72,0.72,1.0,73,27,0.98,0.93,0.96,NO,
MN-C-0188,Dimas Siregar,Palembang,EMP-3125,candidate_1105,moodle-7187,IT Support Specialist,Cloud Support Analyst,2012-06-05,documentation|endpoint support|network basics,inferred_from_role_taxonomy,network basics|documentation|endpoint support,"{""2022"": 3.6, ""2023"": 3.9, ""2025"": 3.3}",87,0.22,0.8,38,54,0.98,0.68,0.87,NO,
MN-C-0189,Ayu Maharani G,Jakarta,EMP-3126,candidate_1106,moodle-7188,Field Sales Representative,Digital Account Executive,2013-01-30,negotiation|product knowledge|territory planning,inferred_from_role_taxonomy,product knowledge|negotiation|territory planning,"{""2022"": 3.0, ""2023"": 3.4, ""2024"": 3.1, ""2025"": 4.2}",70,0.48,0.8,54,42,0.98,0.68,0.9,NO,
MN-C-0190,Andi Siregar,Manado,EMP-3127,candidate_1107,moodle-7189,Field Sales Representative,Digital Account Executive,2025-11-08,crm usage|customer relationship|product knowledge,inferred_from_role_taxonomy,product knowledge|customer relationship|crm usage,"{""2022"": 4.2, ""2023"": 3.6, ""2024"": 2.2, ""2025"": 3.0}",76,0.48,0.4,41,48,0.98,0.68,0.87,NO,
MN-C-0191,Nisa Lestari,Balikpapan,EMP-3128,candidate_1108,moodle-7190,Delivery Driver,Fleet Control Coordinator,2019-06-01,customer service|delivery documentation|vehicle safety,inferred_from_role_taxonomy,vehicle safety|customer service|delivery documentation,"{""2022"": 3.8, ""2023"": 2.6, ""2025"": 3.3}",67,0.38,1.0,55,36,0.9,0.68,0.82,NO,
MN-C-0192,Fajar Ramadhan,Bandung,EMP-3129,candidate_1109,moodle-7191,Sales Supervisor,Digital Sales Coach,2017-12-03,coaching|crm usage|forecasting|performance management|territory planning,observed_and_normalized,,"{""2022"": 3.1, ""2023"": 3.5, ""2024"": 3.7, ""2025"": 3.4}",60,0.25,0.4,31,63,0.98,0.93,0.96,NO,
MN-C-0193,Fitri Siregar,Semarang,EMP-3130,candidate_1110,moodle-7192,Procurement Analyst,Strategic Sourcing Analyst,2019-09-08,erp|negotiation|spend analysis,inferred_from_role_taxonomy,spend analysis|negotiation|erp,"{""2022"": 4.5, ""2023"": 4.0, ""2024"": 2.5, ""2025"": 4.1}",84,0.34,0.4,33,66,0.9,0.68,0.85,NO,
MN-C-0194,Bella Wijaya,Yogyakarta,EMP-3131,candidate_1111,moodle-7193,Field Sales Representative,Key Account Specialist,2022-10-29,crm usage|negotiation|territory planning,inferred_from_role_taxonomy,crm usage|territory planning|negotiation,"{""2022"": 3.9, ""2024"": 2.9}",82,0.48,0.8,53,63,0.98,0.68,0.85,NO,
MN-C-0195,Wahyu Setiawan,Pontianak,EMP-3132,candidate_1112,moodle-7194,Field Sales Representative,Digital Account Executive,2019-08-03,negotiation|territory planning,observed_and_normalized,,"{""2022"": 2.8, ""2023"": 4.0, ""2024"": 4.3, ""2025"": 4.8}",74,0.48,1.0,60,35,0.98,0.93,0.96,NO,
MN-C-0196,Maya Kurniawan,Makassar,EMP-3133,candidate_1113,moodle-7195,Branch Administrator,Operations Data Coordinator,2013-09-05,customer service|data entry|document control,inferred_from_role_taxonomy,document control|data entry|customer service,"{""2022"": 2.5, ""2024"": 4.1, ""2025"": 4.0}",79,0.76,1.0,74,58,0.98,0.68,0.87,NO,
MN-C-0197,Maya Nugroho O,Surabaya,EMP-3134,candidate_1114,moodle-7196,Delivery Driver,Route Optimization Dispatcher,2021-01-17,delivery documentation|route planning|vehicle safety,inferred_from_role_taxonomy,vehicle safety|route planning|delivery documentation,"{""2022"": 4.2, ""2023"": 3.1, ""2024"": 3.0, ""2025"": 2.8}",82,0.38,1.0,53,36,0.98,0.68,0.9,NO,
MN-C-0198,Hadi Permata,Yogyakarta,EMP-3135,candidate_1115,moodle-7197,Procurement Analyst,Supplier Risk Analyst,2022-08-11,erp|negotiation|spend analysis,inferred_from_role_taxonomy,spend analysis|erp|negotiation,"{""2022"": 2.3, ""2023"": 3.2, ""2024"": 4.1}",75,0.34,1.0,52,56,0.9,0.68,0.82,NO,
MN-C-0199,Wahyu Kusuma Q,Yogyakarta,EMP-3136,,moodle-7198,Field Sales Representative,Digital Account Executive,2016-05-23,crm usage|negotiation|territory planning,inferred_from_role_taxonomy,crm usage|negotiation|territory planning,"{""2022"": 3.6, ""2023"": 3.8, ""2024"": 3.8, ""2025"": 2.4}",61,0.48,0.8,55,46,0.9,0.68,0.87,NO,
MN-C-0200,Taufik Setiawan,Makassar,EMP-3137,candidate_1117,moodle-7199,Sales Supervisor,Digital Sales Coach,2023-03-10,coaching|crm usage,observed_and_normalized,,"{""2022"": 2.1, ""2023"": 2.6, ""2024"": 3.2, ""2025"": 3.0}",86,0.25,0.6,33,54,0.98,0.93,0.94,NO,
